Date,totalPositions,gmv
1/1/2014,0.0,0.0
2/1/2014,158.0,316000000.0
3/1/2014,161.0,322000000.0
6/1/2014,162.0,324000000.0
7/1/2014,163.0,326000000.0
8/1/2014,153.0,306000000.0
9/1/2014,152.0,304000000.0
10/1/2014,142.0,284000000.0
13/1/2014,150.0,300000000.0
14/1/2014,150.0,300000000.0
15/1/2014,138.0,276000000.0
16/1/2014,140.0,280000000.0
17/1/2014,135.0,270000000.0
20/1/2014,127.0,254000000.0
21/1/2014,137.0,274000000.0
22/1/2014,141.0,282000000.0
23/1/2014,134.0,268000000.0
24/1/2014,149.0,298000000.0
27/1/2014,146.0,292000000.0
28/1/2014,128.0,256000000.0
29/1/2014,142.0,284000000.0
30/1/2014,141.0,282000000.0
31/1/2014,124.0,248000000.0
3/2/2014,113.0,226000000.0
4/2/2014,139.0,278000000.0
5/2/2014,136.0,272000000.0
6/2/2014,147.0,294000000.0
7/2/2014,124.0,248000000.0
10/2/2014,153.0,306000000.0
11/2/2014,96.0,192000000.0
12/2/2014,100.0,200000000.0
13/2/2014,109.0,218000000.0
14/2/2014,100.0,200000000.0
17/2/2014,99.0,198000000.0
18/2/2014,108.0,216000000.0
19/2/2014,116.0,232000000.0
20/2/2014,108.0,216000000.0
21/2/2014,113.0,226000000.0
24/2/2014,103.0,206000000.0
25/2/2014,108.0,216000000.0
26/2/2014,104.0,208000000.0
27/2/2014,111.0,222000000.0
28/2/2014,121.0,242000000.0
3/3/2014,117.0,234000000.0
4/3/2014,109.0,218000000.0
5/3/2014,113.0,226000000.0
6/3/2014,111.0,222000000.0
7/3/2014,112.0,224000000.0
10/3/2014,106.0,212000000.0
11/3/2014,109.0,218000000.0
12/3/2014,112.0,224000000.0
13/3/2014,116.0,232000000.0
14/3/2014,115.0,230000000.0
17/3/2014,111.0,222000000.0
18/3/2014,117.0,234000000.0
19/3/2014,121.0,242000000.0
20/3/2014,125.0,250000000.0
21/3/2014,166.0,332000000.0
24/3/2014,162.0,324000000.0
25/3/2014,147.0,294000000.0
26/3/2014,160.0,320000000.0
27/3/2014,174.0,348000000.0
28/3/2014,161.0,322000000.0
31/3/2014,167.0,334000000.0
1/4/2014,152.0,304000000.0
2/4/2014,158.0,316000000.0
3/4/2014,148.0,296000000.0
4/4/2014,142.0,284000000.0
7/4/2014,111.0,222000000.0
8/4/2014,149.0,298000000.0
9/4/2014,153.0,306000000.0
10/4/2014,158.0,316000000.0
11/4/2014,163.0,326000000.0
14/4/2014,142.0,284000000.0
15/4/2014,143.0,286000000.0
16/4/2014,135.0,270000000.0
17/4/2014,138.0,276000000.0
18/4/2014,141.0,282000000.0
21/4/2014,139.0,278000000.0
22/4/2014,135.0,270000000.0
23/4/2014,138.0,276000000.0
24/4/2014,139.0,278000000.0
25/4/2014,145.0,290000000.0
28/4/2014,157.0,314000000.0
29/4/2014,158.0,316000000.0
30/4/2014,160.0,320000000.0
1/5/2014,158.0,316000000.0
2/5/2014,156.0,312000000.0
5/5/2014,149.0,298000000.0
6/5/2014,149.0,298000000.0
7/5/2014,149.0,298000000.0
8/5/2014,131.0,262000000.0
9/5/2014,127.0,254000000.0
12/5/2014,114.0,228000000.0
13/5/2014,126.0,252000000.0
14/5/2014,106.0,212000000.0
15/5/2014,94.0,188000000.0
16/5/2014,78.0,156000000.0
19/5/2014,92.0,184000000.0
20/5/2014,105.0,210000000.0
21/5/2014,111.0,222000000.0
22/5/2014,104.0,208000000.0
23/5/2014,96.0,192000000.0
26/5/2014,93.0,186000000.0
27/5/2014,107.0,214000000.0
28/5/2014,109.0,218000000.0
29/5/2014,111.0,222000000.0
30/5/2014,107.0,214000000.0
2/6/2014,104.0,208000000.0
3/6/2014,102.0,204000000.0
4/6/2014,110.0,220000000.0
5/6/2014,140.0,280000000.0
6/6/2014,111.0,222000000.0
9/6/2014,130.0,260000000.0
10/6/2014,150.0,300000000.0
11/6/2014,134.0,268000000.0
12/6/2014,109.0,218000000.0
13/6/2014,140.0,280000000.0
16/6/2014,140.0,280000000.0
17/6/2014,113.0,226000000.0
18/6/2014,99.0,198000000.0
19/6/2014,111.0,222000000.0
20/6/2014,136.0,272000000.0
23/6/2014,128.0,256000000.0
24/6/2014,102.0,204000000.0
25/6/2014,98.0,196000000.0
26/6/2014,99.0,198000000.0
27/6/2014,103.0,206000000.0
30/6/2014,96.0,192000000.0
1/7/2014,98.0,196000000.0
2/7/2014,116.0,232000000.0
3/7/2014,130.0,260000000.0
4/7/2014,115.0,230000000.0
7/7/2014,144.0,288000000.0
8/7/2014,140.0,280000000.0
9/7/2014,146.0,292000000.0
10/7/2014,142.0,284000000.0
11/7/2014,131.0,262000000.0
14/7/2014,145.0,290000000.0
15/7/2014,154.0,308000000.0
16/7/2014,158.0,316000000.0
17/7/2014,157.0,314000000.0
18/7/2014,162.0,324000000.0
21/7/2014,163.0,326000000.0
22/7/2014,163.0,326000000.0
23/7/2014,159.0,318000000.0
24/7/2014,159.0,318000000.0
25/7/2014,160.0,320000000.0
28/7/2014,169.0,338000000.0
29/7/2014,175.0,350000000.0
30/7/2014,165.0,330000000.0
31/7/2014,187.0,374000000.0
1/8/2014,176.0,352000000.0
4/8/2014,195.0,390000000.0
5/8/2014,201.0,402000000.0
6/8/2014,194.0,388000000.0
7/8/2014,185.0,370000000.0
8/8/2014,145.0,290000000.0
11/8/2014,130.0,260000000.0
12/8/2014,177.0,354000000.0
13/8/2014,175.0,350000000.0
14/8/2014,172.0,344000000.0
15/8/2014,178.0,356000000.0
18/8/2014,167.0,334000000.0
19/8/2014,172.0,344000000.0
20/8/2014,164.0,328000000.0
21/8/2014,166.0,332000000.0
22/8/2014,162.0,324000000.0
25/8/2014,176.0,352000000.0
26/8/2014,173.0,346000000.0
27/8/2014,180.0,360000000.0
28/8/2014,172.0,344000000.0
29/8/2014,167.0,334000000.0
1/9/2014,166.0,332000000.0
2/9/2014,166.0,332000000.0
3/9/2014,167.0,334000000.0
4/9/2014,162.0,324000000.0
5/9/2014,163.0,326000000.0
8/9/2014,167.0,334000000.0
9/9/2014,168.0,336000000.0
10/9/2014,171.0,342000000.0
11/9/2014,173.0,346000000.0
12/9/2014,169.0,338000000.0
15/9/2014,169.0,338000000.0
16/9/2014,167.0,334000000.0
17/9/2014,161.0,322000000.0
18/9/2014,175.0,350000000.0
19/9/2014,170.0,340000000.0
22/9/2014,163.0,326000000.0
23/9/2014,168.0,336000000.0
24/9/2014,168.0,336000000.0
25/9/2014,179.0,358000000.0
26/9/2014,181.0,362000000.0
29/9/2014,166.0,332000000.0
30/9/2014,152.0,304000000.0
1/10/2014,142.0,284000000.0
2/10/2014,179.0,358000000.0
3/10/2014,153.0,306000000.0
6/10/2014,161.0,322000000.0
7/10/2014,173.0,346000000.0
8/10/2014,162.0,324000000.0
9/10/2014,163.0,326000000.0
10/10/2014,172.0,344000000.0
13/10/2014,165.0,330000000.0
14/10/2014,165.0,330000000.0
15/10/2014,163.0,326000000.0
16/10/2014,148.0,296000000.0
17/10/2014,162.0,324000000.0
20/10/2014,173.0,346000000.0
21/10/2014,169.0,338000000.0
22/10/2014,169.0,338000000.0
23/10/2014,123.0,246000000.0
24/10/2014,124.0,248000000.0
27/10/2014,126.0,252000000.0
28/10/2014,132.0,264000000.0
29/10/2014,135.0,270000000.0
30/10/2014,131.0,262000000.0
31/10/2014,144.0,288000000.0
3/11/2014,119.0,238000000.0
4/11/2014,121.0,242000000.0
5/11/2014,112.0,224000000.0
6/11/2014,112.0,224000000.0
7/11/2014,127.0,254000000.0
10/11/2014,125.0,250000000.0
11/11/2014,129.0,258000000.0
12/11/2014,117.0,234000000.0
13/11/2014,118.0,236000000.0
14/11/2014,110.0,220000000.0
17/11/2014,101.0,202000000.0
18/11/2014,113.0,226000000.0
19/11/2014,111.0,222000000.0
20/11/2014,117.0,234000000.0
21/11/2014,125.0,250000000.0
24/11/2014,122.0,244000000.0
25/11/2014,123.0,246000000.0
26/11/2014,110.0,220000000.0
27/11/2014,98.0,196000000.0
28/11/2014,108.0,216000000.0
1/12/2014,106.0,212000000.0
2/12/2014,110.0,220000000.0
3/12/2014,103.0,206000000.0
4/12/2014,103.0,206000000.0
5/12/2014,103.0,206000000.0
8/12/2014,103.0,206000000.0
9/12/2014,111.0,222000000.0
10/12/2014,120.0,240000000.0
11/12/2014,139.0,278000000.0
12/12/2014,145.0,290000000.0
15/12/2014,131.0,262000000.0
16/12/2014,133.0,266000000.0
17/12/2014,133.0,266000000.0
18/12/2014,134.0,268000000.0
19/12/2014,133.0,266000000.0
22/12/2014,106.0,212000000.0
23/12/2014,124.0,248000000.0
24/12/2014,124.0,248000000.0
25/12/2014,123.0,246000000.0
26/12/2014,119.0,238000000.0
29/12/2014,121.0,242000000.0
30/12/2014,124.0,248000000.0
31/12/2014,128.0,256000000.0
1/1/2015,127.0,254000000.0
2/1/2015,129.0,258000000.0
5/1/2015,132.0,264000000.0
6/1/2015,127.0,254000000.0
7/1/2015,135.0,270000000.0
8/1/2015,138.0,276000000.0
9/1/2015,138.0,276000000.0
12/1/2015,137.0,274000000.0
13/1/2015,138.0,276000000.0
14/1/2015,139.0,278000000.0
15/1/2015,142.0,284000000.0
16/1/2015,142.0,284000000.0
19/1/2015,146.0,292000000.0
20/1/2015,135.0,270000000.0
21/1/2015,145.0,290000000.0
22/1/2015,135.0,270000000.0
23/1/2015,139.0,278000000.0
26/1/2015,151.0,302000000.0
27/1/2015,143.0,286000000.0
28/1/2015,151.0,302000000.0
29/1/2015,145.0,290000000.0
30/1/2015,157.0,314000000.0
2/2/2015,146.0,292000000.0
3/2/2015,149.0,298000000.0
4/2/2015,145.0,290000000.0
5/2/2015,135.0,270000000.0
6/2/2015,130.0,260000000.0
9/2/2015,130.0,260000000.0
10/2/2015,132.0,264000000.0
11/2/2015,126.0,252000000.0
12/2/2015,128.0,256000000.0
13/2/2015,113.0,226000000.0
16/2/2015,117.0,234000000.0
17/2/2015,122.0,244000000.0
18/2/2015,107.0,214000000.0
19/2/2015,110.0,220000000.0
20/2/2015,108.0,216000000.0
23/2/2015,117.0,234000000.0
24/2/2015,123.0,246000000.0
25/2/2015,117.0,234000000.0
26/2/2015,128.0,256000000.0
27/2/2015,127.0,254000000.0
2/3/2015,111.0,222000000.0
3/3/2015,118.0,236000000.0
4/3/2015,109.0,218000000.0
5/3/2015,116.0,232000000.0
6/3/2015,117.0,234000000.0
9/3/2015,106.0,212000000.0
10/3/2015,110.0,220000000.0
11/3/2015,114.0,228000000.0
12/3/2015,117.0,234000000.0
13/3/2015,109.0,218000000.0
16/3/2015,119.0,238000000.0
17/3/2015,109.0,218000000.0
18/3/2015,107.0,214000000.0
19/3/2015,143.0,286000000.0
20/3/2015,115.0,230000000.0
23/3/2015,110.0,220000000.0
24/3/2015,116.0,232000000.0
25/3/2015,112.0,224000000.0
26/3/2015,109.0,218000000.0
27/3/2015,140.0,280000000.0
30/3/2015,146.0,292000000.0
31/3/2015,131.0,262000000.0
1/4/2015,143.0,286000000.0
2/4/2015,158.0,316000000.0
3/4/2015,151.0,302000000.0
6/4/2015,144.0,288000000.0
7/4/2015,144.0,288000000.0
8/4/2015,145.0,290000000.0
9/4/2015,146.0,292000000.0
10/4/2015,146.0,292000000.0
13/4/2015,135.0,270000000.0
14/4/2015,137.0,274000000.0
15/4/2015,134.0,268000000.0
16/4/2015,128.0,256000000.0
17/4/2015,137.0,274000000.0
20/4/2015,134.0,268000000.0
21/4/2015,123.0,246000000.0
22/4/2015,129.0,258000000.0
23/4/2015,119.0,238000000.0
24/4/2015,125.0,250000000.0
27/4/2015,127.0,254000000.0
28/4/2015,125.0,250000000.0
29/4/2015,127.0,254000000.0
30/4/2015,127.0,254000000.0
1/5/2015,109.0,218000000.0
4/5/2015,121.0,242000000.0
5/5/2015,127.0,254000000.0
6/5/2015,129.0,258000000.0
7/5/2015,130.0,260000000.0
8/5/2015,129.0,258000000.0
11/5/2015,125.0,250000000.0
12/5/2015,130.0,260000000.0
13/5/2015,119.0,238000000.0
14/5/2015,116.0,232000000.0
15/5/2015,112.0,224000000.0
18/5/2015,129.0,258000000.0
19/5/2015,113.0,226000000.0
20/5/2015,114.0,228000000.0
21/5/2015,122.0,244000000.0
22/5/2015,123.0,246000000.0
25/5/2015,115.0,230000000.0
26/5/2015,112.0,224000000.0
27/5/2015,122.0,244000000.0
28/5/2015,122.0,244000000.0
29/5/2015,136.0,272000000.0
1/6/2015,127.0,254000000.0
2/6/2015,123.0,246000000.0
3/6/2015,130.0,260000000.0
4/6/2015,124.0,248000000.0
5/6/2015,135.0,270000000.0
8/6/2015,131.0,262000000.0
9/6/2015,164.0,328000000.0
10/6/2015,172.0,344000000.0
11/6/2015,180.0,360000000.0
12/6/2015,172.0,344000000.0
15/6/2015,169.0,338000000.0
16/6/2015,174.0,348000000.0
17/6/2015,170.0,340000000.0
18/6/2015,163.0,326000000.0
19/6/2015,162.0,324000000.0
22/6/2015,175.0,350000000.0
23/6/2015,169.0,338000000.0
24/6/2015,174.0,348000000.0
25/6/2015,179.0,358000000.0
26/6/2015,179.0,358000000.0
29/6/2015,167.0,334000000.0
30/6/2015,187.0,374000000.0
1/7/2015,181.0,362000000.0
2/7/2015,177.0,354000000.0
3/7/2015,185.0,370000000.0
6/7/2015,176.0,352000000.0
7/7/2015,201.0,402000000.0
8/7/2015,198.0,396000000.0
9/7/2015,188.0,376000000.0
10/7/2015,186.0,372000000.0
13/7/2015,182.0,364000000.0
14/7/2015,158.0,316000000.0
15/7/2015,171.0,342000000.0
16/7/2015,187.0,374000000.0
17/7/2015,184.0,368000000.0
20/7/2015,177.0,354000000.0
21/7/2015,178.0,356000000.0
22/7/2015,178.0,356000000.0
23/7/2015,177.0,354000000.0
24/7/2015,183.0,366000000.0
27/7/2015,178.0,356000000.0
28/7/2015,166.0,332000000.0
29/7/2015,157.0,314000000.0
30/7/2015,159.0,318000000.0
31/7/2015,162.0,324000000.0
3/8/2015,169.0,338000000.0
4/8/2015,157.0,314000000.0
5/8/2015,146.0,292000000.0
6/8/2015,143.0,286000000.0
7/8/2015,156.0,312000000.0
10/8/2015,168.0,336000000.0
11/8/2015,168.0,336000000.0
12/8/2015,164.0,328000000.0
13/8/2015,153.0,306000000.0
14/8/2015,152.0,304000000.0
17/8/2015,147.0,294000000.0
18/8/2015,144.0,288000000.0
19/8/2015,144.0,288000000.0
20/8/2015,142.0,284000000.0
21/8/2015,115.0,230000000.0
24/8/2015,112.0,224000000.0
25/8/2015,116.0,232000000.0
26/8/2015,125.0,250000000.0
27/8/2015,111.0,222000000.0
28/8/2015,111.0,222000000.0
31/8/2015,107.0,214000000.0
1/9/2015,108.0,216000000.0
2/9/2015,111.0,222000000.0
3/9/2015,112.0,224000000.0
4/9/2015,105.0,210000000.0
7/9/2015,99.0,198000000.0
8/9/2015,101.0,202000000.0
9/9/2015,104.0,208000000.0
10/9/2015,116.0,232000000.0
11/9/2015,108.0,216000000.0
14/9/2015,114.0,228000000.0
15/9/2015,116.0,232000000.0
16/9/2015,124.0,248000000.0
17/9/2015,106.0,212000000.0
18/9/2015,105.0,210000000.0
21/9/2015,110.0,220000000.0
22/9/2015,109.0,218000000.0
23/9/2015,108.0,216000000.0
24/9/2015,107.0,214000000.0
25/9/2015,120.0,240000000.0
28/9/2015,117.0,234000000.0
29/9/2015,123.0,246000000.0
30/9/2015,115.0,230000000.0
1/10/2015,118.0,236000000.0
2/10/2015,107.0,214000000.0
5/10/2015,109.0,218000000.0
6/10/2015,109.0,218000000.0
7/10/2015,116.0,232000000.0
8/10/2015,99.0,198000000.0
9/10/2015,92.0,184000000.0
12/10/2015,81.0,162000000.0
13/10/2015,82.0,164000000.0
14/10/2015,87.0,174000000.0
15/10/2015,101.0,202000000.0
16/10/2015,110.0,220000000.0
19/10/2015,108.0,216000000.0
20/10/2015,111.0,222000000.0
21/10/2015,116.0,232000000.0
22/10/2015,97.0,194000000.0
23/10/2015,103.0,206000000.0
26/10/2015,81.0,162000000.0
27/10/2015,79.0,158000000.0
28/10/2015,91.0,182000000.0
29/10/2015,99.0,198000000.0
30/10/2015,81.0,162000000.0
2/11/2015,94.0,188000000.0
3/11/2015,117.0,234000000.0
4/11/2015,117.0,234000000.0
5/11/2015,114.0,228000000.0
6/11/2015,115.0,230000000.0
9/11/2015,121.0,242000000.0
10/11/2015,112.0,224000000.0
11/11/2015,112.0,224000000.0
12/11/2015,118.0,236000000.0
13/11/2015,111.0,222000000.0
16/11/2015,115.0,230000000.0
17/11/2015,119.0,238000000.0
18/11/2015,111.0,222000000.0
19/11/2015,109.0,218000000.0
20/11/2015,122.0,244000000.0
23/11/2015,122.0,244000000.0
24/11/2015,120.0,240000000.0
25/11/2015,112.0,224000000.0
26/11/2015,110.0,220000000.0
27/11/2015,108.0,216000000.0
30/11/2015,102.0,204000000.0
1/12/2015,110.0,220000000.0
2/12/2015,112.0,224000000.0
3/12/2015,113.0,226000000.0
4/12/2015,112.0,224000000.0
7/12/2015,107.0,214000000.0
8/12/2015,107.0,214000000.0
9/12/2015,100.0,200000000.0
10/12/2015,96.0,192000000.0
11/12/2015,111.0,222000000.0
14/12/2015,114.0,228000000.0
15/12/2015,125.0,250000000.0
16/12/2015,120.0,240000000.0
17/12/2015,128.0,256000000.0
18/12/2015,115.0,230000000.0
21/12/2015,118.0,236000000.0
22/12/2015,120.0,240000000.0
23/12/2015,118.0,236000000.0
24/12/2015,118.0,236000000.0
25/12/2015,122.0,244000000.0
28/12/2015,131.0,262000000.0
29/12/2015,120.0,240000000.0
30/12/2015,118.0,236000000.0
31/12/2015,117.0,234000000.0
1/1/2016,117.0,234000000.0
4/1/2016,117.0,234000000.0
5/1/2016,122.0,244000000.0
6/1/2016,121.0,242000000.0
7/1/2016,129.0,258000000.0
8/1/2016,145.0,290000000.0
11/1/2016,183.0,366000000.0
12/1/2016,182.0,364000000.0
13/1/2016,179.0,358000000.0
14/1/2016,181.0,362000000.0
15/1/2016,196.0,392000000.0
18/1/2016,183.0,366000000.0
19/1/2016,183.0,366000000.0
20/1/2016,182.0,364000000.0
21/1/2016,154.0,308000000.0
22/1/2016,147.0,294000000.0
25/1/2016,156.0,312000000.0
26/1/2016,174.0,348000000.0
27/1/2016,168.0,336000000.0
28/1/2016,199.0,398000000.0
29/1/2016,197.0,394000000.0
1/2/2016,177.0,354000000.0
2/2/2016,116.0,232000000.0
3/2/2016,143.0,286000000.0
4/2/2016,155.0,310000000.0
5/2/2016,151.0,302000000.0
8/2/2016,140.0,280000000.0
9/2/2016,104.0,208000000.0
10/2/2016,161.0,322000000.0
11/2/2016,152.0,304000000.0
12/2/2016,152.0,304000000.0
15/2/2016,148.0,296000000.0
16/2/2016,164.0,328000000.0
17/2/2016,170.0,340000000.0
18/2/2016,171.0,342000000.0
19/2/2016,166.0,332000000.0
22/2/2016,167.0,334000000.0
23/2/2016,172.0,344000000.0
24/2/2016,178.0,356000000.0
25/2/2016,179.0,358000000.0
26/2/2016,163.0,326000000.0
29/2/2016,172.0,344000000.0
1/3/2016,184.0,368000000.0
2/3/2016,169.0,338000000.0
3/3/2016,168.0,336000000.0
4/3/2016,158.0,316000000.0
7/3/2016,138.0,276000000.0
8/3/2016,152.0,304000000.0
9/3/2016,157.0,314000000.0
10/3/2016,182.0,364000000.0
11/3/2016,176.0,352000000.0
14/3/2016,176.0,352000000.0
15/3/2016,172.0,344000000.0
16/3/2016,184.0,368000000.0
17/3/2016,180.0,360000000.0
18/3/2016,190.0,380000000.0
21/3/2016,171.0,342000000.0
22/3/2016,171.0,342000000.0
23/3/2016,139.0,278000000.0
24/3/2016,136.0,272000000.0
25/3/2016,150.0,300000000.0
28/3/2016,150.0,300000000.0
29/3/2016,147.0,294000000.0
30/3/2016,152.0,304000000.0
31/3/2016,164.0,328000000.0
1/4/2016,169.0,338000000.0
4/4/2016,182.0,364000000.0
5/4/2016,188.0,376000000.0
6/4/2016,201.0,402000000.0
7/4/2016,198.0,396000000.0
8/4/2016,187.0,374000000.0
11/4/2016,165.0,330000000.0
12/4/2016,159.0,318000000.0
13/4/2016,154.0,308000000.0
14/4/2016,139.0,278000000.0
15/4/2016,116.0,232000000.0
18/4/2016,127.0,254000000.0
19/4/2016,143.0,286000000.0
20/4/2016,120.0,240000000.0
21/4/2016,111.0,222000000.0
22/4/2016,102.0,204000000.0
25/4/2016,97.0,194000000.0
26/4/2016,94.0,188000000.0
27/4/2016,97.0,194000000.0
28/4/2016,102.0,204000000.0
29/4/2016,129.0,258000000.0
2/5/2016,128.0,256000000.0
3/5/2016,154.0,308000000.0
4/5/2016,154.0,308000000.0
5/5/2016,154.0,308000000.0
6/5/2016,153.0,306000000.0
9/5/2016,159.0,318000000.0
10/5/2016,155.0,310000000.0
11/5/2016,136.0,272000000.0
12/5/2016,139.0,278000000.0
13/5/2016,128.0,256000000.0
16/5/2016,126.0,252000000.0
17/5/2016,116.0,232000000.0
18/5/2016,108.0,216000000.0
19/5/2016,110.0,220000000.0
20/5/2016,116.0,232000000.0
23/5/2016,114.0,228000000.0
24/5/2016,123.0,246000000.0
25/5/2016,122.0,244000000.0
26/5/2016,117.0,234000000.0
27/5/2016,115.0,230000000.0
30/5/2016,117.0,234000000.0
31/5/2016,113.0,226000000.0
1/6/2016,109.0,218000000.0
2/6/2016,115.0,230000000.0
3/6/2016,122.0,244000000.0
6/6/2016,130.0,260000000.0
7/6/2016,128.0,256000000.0
8/6/2016,118.0,236000000.0
9/6/2016,127.0,254000000.0
10/6/2016,143.0,286000000.0
13/6/2016,133.0,266000000.0
14/6/2016,133.0,266000000.0
15/6/2016,139.0,278000000.0
16/6/2016,139.0,278000000.0
17/6/2016,144.0,288000000.0
20/6/2016,142.0,284000000.0
21/6/2016,140.0,280000000.0
22/6/2016,128.0,256000000.0
23/6/2016,138.0,276000000.0
24/6/2016,132.0,264000000.0
27/6/2016,140.0,280000000.0
28/6/2016,138.0,276000000.0
29/6/2016,140.0,280000000.0
30/6/2016,145.0,290000000.0
1/7/2016,165.0,330000000.0
4/7/2016,155.0,310000000.0
5/7/2016,164.0,328000000.0
6/7/2016,176.0,352000000.0
7/7/2016,161.0,322000000.0
8/7/2016,166.0,332000000.0
11/7/2016,175.0,350000000.0
12/7/2016,163.0,326000000.0
13/7/2016,148.0,296000000.0
14/7/2016,158.0,316000000.0
15/7/2016,142.0,284000000.0
18/7/2016,128.0,256000000.0
19/7/2016,130.0,260000000.0
20/7/2016,118.0,236000000.0
21/7/2016,132.0,264000000.0
22/7/2016,120.0,240000000.0
25/7/2016,122.0,244000000.0
26/7/2016,136.0,272000000.0
27/7/2016,145.0,290000000.0
28/7/2016,130.0,260000000.0
29/7/2016,155.0,310000000.0
1/8/2016,134.0,268000000.0
2/8/2016,140.0,280000000.0
3/8/2016,130.0,260000000.0
4/8/2016,160.0,320000000.0
5/8/2016,162.0,324000000.0
8/8/2016,161.0,322000000.0
9/8/2016,154.0,308000000.0
10/8/2016,154.0,308000000.0
11/8/2016,136.0,272000000.0
12/8/2016,138.0,276000000.0
15/8/2016,101.0,202000000.0
16/8/2016,97.0,194000000.0
17/8/2016,110.0,220000000.0
18/8/2016,92.0,184000000.0
19/8/2016,116.0,232000000.0
22/8/2016,126.0,252000000.0
23/8/2016,124.0,248000000.0
24/8/2016,122.0,244000000.0
25/8/2016,119.0,238000000.0
26/8/2016,118.0,236000000.0
29/8/2016,127.0,254000000.0
30/8/2016,109.0,218000000.0
31/8/2016,117.0,234000000.0
1/9/2016,115.0,230000000.0
2/9/2016,107.0,214000000.0
5/9/2016,105.0,210000000.0
6/9/2016,101.0,202000000.0
7/9/2016,108.0,216000000.0
8/9/2016,108.0,216000000.0
9/9/2016,98.0,196000000.0
12/9/2016,99.0,198000000.0
13/9/2016,121.0,242000000.0
14/9/2016,109.0,218000000.0
15/9/2016,102.0,204000000.0
16/9/2016,117.0,234000000.0
19/9/2016,114.0,228000000.0
20/9/2016,115.0,230000000.0
21/9/2016,109.0,218000000.0
22/9/2016,103.0,206000000.0
23/9/2016,102.0,204000000.0
26/9/2016,98.0,196000000.0
27/9/2016,111.0,222000000.0
28/9/2016,107.0,214000000.0
29/9/2016,110.0,220000000.0
30/9/2016,93.0,186000000.0
3/10/2016,95.0,190000000.0
4/10/2016,100.0,200000000.0
5/10/2016,104.0,208000000.0
6/10/2016,107.0,214000000.0
7/10/2016,106.0,212000000.0
10/10/2016,112.0,224000000.0
11/10/2016,113.0,226000000.0
12/10/2016,170.0,340000000.0
13/10/2016,169.0,338000000.0
14/10/2016,174.0,348000000.0
17/10/2016,166.0,332000000.0
18/10/2016,168.0,336000000.0
19/10/2016,171.0,342000000.0
20/10/2016,156.0,312000000.0
21/10/2016,154.0,308000000.0
24/10/2016,146.0,292000000.0
25/10/2016,139.0,278000000.0
26/10/2016,136.0,272000000.0
27/10/2016,136.0,272000000.0
28/10/2016,135.0,270000000.0
31/10/2016,144.0,288000000.0
1/11/2016,141.0,282000000.0
2/11/2016,129.0,258000000.0
3/11/2016,141.0,282000000.0
4/11/2016,139.0,278000000.0
7/11/2016,152.0,304000000.0
8/11/2016,146.0,292000000.0
9/11/2016,160.0,320000000.0
10/11/2016,158.0,316000000.0
11/11/2016,147.0,294000000.0
14/11/2016,150.0,300000000.0
15/11/2016,145.0,290000000.0
16/11/2016,150.0,300000000.0
17/11/2016,147.0,294000000.0
18/11/2016,146.0,292000000.0
21/11/2016,154.0,308000000.0
22/11/2016,166.0,332000000.0
23/11/2016,154.0,308000000.0
24/11/2016,158.0,316000000.0
25/11/2016,148.0,296000000.0
28/11/2016,159.0,318000000.0
29/11/2016,147.0,294000000.0
30/11/2016,146.0,292000000.0
1/12/2016,160.0,320000000.0
2/12/2016,176.0,352000000.0
5/12/2016,163.0,326000000.0
6/12/2016,128.0,256000000.0
7/12/2016,116.0,232000000.0
8/12/2016,134.0,268000000.0
9/12/2016,167.0,334000000.0
12/12/2016,164.0,328000000.0
13/12/2016,154.0,308000000.0
14/12/2016,123.0,246000000.0
15/12/2016,124.0,248000000.0
16/12/2016,126.0,252000000.0
19/12/2016,124.0,248000000.0
20/12/2016,130.0,260000000.0
21/12/2016,128.0,256000000.0
22/12/2016,122.0,244000000.0
23/12/2016,123.0,246000000.0
26/12/2016,126.0,252000000.0
27/12/2016,128.0,256000000.0
28/12/2016,123.0,246000000.0
29/12/2016,136.0,272000000.0
30/12/2016,137.0,274000000.0
2/1/2017,140.0,280000000.0
3/1/2017,141.0,282000000.0
4/1/2017,140.0,280000000.0
5/1/2017,123.0,246000000.0
6/1/2017,136.0,272000000.0
9/1/2017,128.0,256000000.0
10/1/2017,130.0,260000000.0
11/1/2017,129.0,258000000.0
12/1/2017,127.0,254000000.0
13/1/2017,120.0,240000000.0
16/1/2017,119.0,238000000.0
17/1/2017,119.0,238000000.0
18/1/2017,128.0,256000000.0
19/1/2017,125.0,250000000.0
20/1/2017,132.0,264000000.0
23/1/2017,132.0,264000000.0
24/1/2017,145.0,290000000.0
25/1/2017,136.0,272000000.0
26/1/2017,133.0,266000000.0
27/1/2017,127.0,254000000.0
30/1/2017,121.0,242000000.0
31/1/2017,117.0,234000000.0
1/2/2017,130.0,260000000.0
2/2/2017,122.0,244000000.0
3/2/2017,126.0,252000000.0
6/2/2017,127.0,254000000.0
7/2/2017,131.0,262000000.0
8/2/2017,138.0,276000000.0
9/2/2017,133.0,266000000.0
10/2/2017,134.0,268000000.0
13/2/2017,132.0,264000000.0
14/2/2017,127.0,254000000.0
15/2/2017,122.0,244000000.0
16/2/2017,135.0,270000000.0
17/2/2017,130.0,260000000.0
20/2/2017,128.0,256000000.0
21/2/2017,117.0,234000000.0
22/2/2017,116.0,232000000.0
23/2/2017,123.0,246000000.0
24/2/2017,124.0,248000000.0
27/2/2017,126.0,252000000.0
28/2/2017,121.0,242000000.0
1/3/2017,119.0,238000000.0
2/3/2017,123.0,246000000.0
3/3/2017,135.0,270000000.0
6/3/2017,132.0,264000000.0
7/3/2017,124.0,248000000.0
8/3/2017,131.0,262000000.0
9/3/2017,125.0,250000000.0
10/3/2017,125.0,250000000.0
13/3/2017,124.0,248000000.0
14/3/2017,126.0,252000000.0
15/3/2017,121.0,242000000.0
16/3/2017,135.0,270000000.0
17/3/2017,142.0,284000000.0
20/3/2017,128.0,256000000.0
21/3/2017,130.0,260000000.0
22/3/2017,123.0,246000000.0
23/3/2017,117.0,234000000.0
24/3/2017,107.0,214000000.0
27/3/2017,118.0,236000000.0
28/3/2017,112.0,224000000.0
29/3/2017,115.0,230000000.0
30/3/2017,119.0,238000000.0
31/3/2017,113.0,226000000.0
3/4/2017,126.0,252000000.0
4/4/2017,114.0,228000000.0
5/4/2017,117.0,234000000.0
6/4/2017,118.0,236000000.0
7/4/2017,115.0,230000000.0
10/4/2017,111.0,222000000.0
11/4/2017,110.0,220000000.0
12/4/2017,111.0,222000000.0
13/4/2017,107.0,214000000.0
14/4/2017,102.0,204000000.0
17/4/2017,108.0,216000000.0
18/4/2017,92.0,184000000.0
19/4/2017,94.0,188000000.0
20/4/2017,97.0,194000000.0
21/4/2017,100.0,200000000.0
24/4/2017,104.0,208000000.0
25/4/2017,116.0,232000000.0
26/4/2017,129.0,258000000.0
27/4/2017,143.0,286000000.0
28/4/2017,134.0,268000000.0
1/5/2017,130.0,260000000.0
2/5/2017,133.0,266000000.0
3/5/2017,143.0,286000000.0
4/5/2017,143.0,286000000.0
5/5/2017,142.0,284000000.0
8/5/2017,142.0,284000000.0
9/5/2017,141.0,282000000.0
10/5/2017,143.0,286000000.0
11/5/2017,135.0,270000000.0
12/5/2017,128.0,256000000.0
15/5/2017,130.0,260000000.0
16/5/2017,128.0,256000000.0
17/5/2017,125.0,250000000.0
18/5/2017,123.0,246000000.0
19/5/2017,126.0,252000000.0
22/5/2017,121.0,242000000.0
23/5/2017,132.0,264000000.0
24/5/2017,129.0,258000000.0
25/5/2017,135.0,270000000.0
26/5/2017,137.0,274000000.0
29/5/2017,131.0,262000000.0
30/5/2017,123.0,246000000.0
31/5/2017,124.0,248000000.0
1/6/2017,123.0,246000000.0
2/6/2017,136.0,272000000.0
5/6/2017,142.0,284000000.0
6/6/2017,125.0,250000000.0
7/6/2017,122.0,244000000.0
8/6/2017,133.0,266000000.0
9/6/2017,127.0,254000000.0
12/6/2017,124.0,248000000.0
13/6/2017,127.0,254000000.0
14/6/2017,125.0,250000000.0
15/6/2017,122.0,244000000.0
16/6/2017,123.0,246000000.0
19/6/2017,122.0,244000000.0
20/6/2017,122.0,244000000.0
21/6/2017,129.0,258000000.0
22/6/2017,133.0,266000000.0
23/6/2017,128.0,256000000.0
26/6/2017,131.0,262000000.0
27/6/2017,136.0,272000000.0
28/6/2017,142.0,284000000.0
29/6/2017,144.0,288000000.0
30/6/2017,141.0,282000000.0
3/7/2017,129.0,258000000.0
4/7/2017,136.0,272000000.0
5/7/2017,130.0,260000000.0
6/7/2017,127.0,254000000.0
7/7/2017,134.0,268000000.0
10/7/2017,137.0,274000000.0
11/7/2017,132.0,264000000.0
12/7/2017,133.0,266000000.0
13/7/2017,121.0,242000000.0
14/7/2017,128.0,256000000.0
17/7/2017,133.0,266000000.0
18/7/2017,133.0,266000000.0
19/7/2017,134.0,268000000.0
20/7/2017,128.0,256000000.0
21/7/2017,134.0,268000000.0
24/7/2017,130.0,260000000.0
25/7/2017,136.0,272000000.0
26/7/2017,129.0,258000000.0
27/7/2017,130.0,260000000.0
28/7/2017,130.0,260000000.0
31/7/2017,122.0,244000000.0
1/8/2017,124.0,248000000.0
2/8/2017,132.0,264000000.0
3/8/2017,146.0,292000000.0
4/8/2017,138.0,276000000.0
7/8/2017,127.0,254000000.0
8/8/2017,118.0,236000000.0
9/8/2017,110.0,220000000.0
10/8/2017,118.0,236000000.0
11/8/2017,159.0,318000000.0
14/8/2017,159.0,318000000.0
15/8/2017,160.0,320000000.0
16/8/2017,141.0,282000000.0
17/8/2017,131.0,262000000.0
18/8/2017,119.0,238000000.0
21/8/2017,105.0,210000000.0
22/8/2017,113.0,226000000.0
23/8/2017,112.0,224000000.0
24/8/2017,116.0,232000000.0
25/8/2017,120.0,240000000.0
28/8/2017,119.0,238000000.0
29/8/2017,114.0,228000000.0
30/8/2017,121.0,242000000.0
31/8/2017,118.0,236000000.0
1/9/2017,127.0,254000000.0
4/9/2017,130.0,260000000.0
5/9/2017,132.0,264000000.0
6/9/2017,137.0,274000000.0
7/9/2017,138.0,276000000.0
8/9/2017,145.0,290000000.0
11/9/2017,138.0,276000000.0
12/9/2017,123.0,246000000.0
13/9/2017,118.0,236000000.0
14/9/2017,129.0,258000000.0
15/9/2017,140.0,280000000.0
18/9/2017,133.0,266000000.0
19/9/2017,136.0,272000000.0
20/9/2017,125.0,250000000.0
21/9/2017,120.0,240000000.0
22/9/2017,119.0,238000000.0
25/9/2017,120.0,240000000.0
26/9/2017,121.0,242000000.0
27/9/2017,128.0,256000000.0
28/9/2017,123.0,246000000.0
29/9/2017,131.0,262000000.0
2/10/2017,132.0,264000000.0
3/10/2017,130.0,260000000.0
4/10/2017,136.0,272000000.0
5/10/2017,134.0,268000000.0
6/10/2017,127.0,254000000.0
9/10/2017,131.0,262000000.0
10/10/2017,132.0,264000000.0
11/10/2017,143.0,286000000.0
12/10/2017,147.0,294000000.0
13/10/2017,141.0,282000000.0
16/10/2017,137.0,274000000.0
17/10/2017,145.0,290000000.0
18/10/2017,144.0,288000000.0
19/10/2017,145.0,290000000.0
20/10/2017,145.0,290000000.0
23/10/2017,146.0,292000000.0
24/10/2017,134.0,268000000.0
25/10/2017,133.0,266000000.0
26/10/2017,133.0,266000000.0
27/10/2017,124.0,248000000.0
30/10/2017,120.0,240000000.0
31/10/2017,134.0,268000000.0
1/11/2017,124.0,248000000.0
2/11/2017,109.0,218000000.0
3/11/2017,108.0,216000000.0
6/11/2017,109.0,218000000.0
7/11/2017,112.0,224000000.0
8/11/2017,88.0,176000000.0
9/11/2017,110.0,220000000.0
10/11/2017,102.0,204000000.0
13/11/2017,98.0,196000000.0
14/11/2017,115.0,230000000.0
15/11/2017,108.0,216000000.0
16/11/2017,113.0,226000000.0
17/11/2017,105.0,210000000.0
20/11/2017,132.0,264000000.0
21/11/2017,107.0,214000000.0
22/11/2017,108.0,216000000.0
23/11/2017,116.0,232000000.0
24/11/2017,117.0,234000000.0
27/11/2017,106.0,212000000.0
28/11/2017,110.0,220000000.0
29/11/2017,119.0,238000000.0
30/11/2017,125.0,250000000.0
1/12/2017,128.0,256000000.0
4/12/2017,128.0,256000000.0
5/12/2017,134.0,268000000.0
6/12/2017,153.0,306000000.0
7/12/2017,162.0,324000000.0
8/12/2017,149.0,298000000.0
11/12/2017,126.0,252000000.0
12/12/2017,120.0,240000000.0
13/12/2017,129.0,258000000.0
14/12/2017,154.0,308000000.0
15/12/2017,158.0,316000000.0
18/12/2017,154.0,308000000.0
19/12/2017,145.0,290000000.0
20/12/2017,157.0,314000000.0
21/12/2017,155.0,310000000.0
22/12/2017,159.0,318000000.0
25/12/2017,152.0,304000000.0
26/12/2017,150.0,300000000.0
27/12/2017,155.0,310000000.0
28/12/2017,157.0,314000000.0
29/12/2017,158.0,316000000.0
1/1/2018,149.0,298000000.0
2/1/2018,151.0,302000000.0
3/1/2018,153.0,306000000.0
4/1/2018,155.0,310000000.0
5/1/2018,141.0,282000000.0
8/1/2018,130.0,260000000.0
9/1/2018,134.0,268000000.0
10/1/2018,132.0,264000000.0
11/1/2018,130.0,260000000.0
12/1/2018,133.0,266000000.0
15/1/2018,139.0,278000000.0
16/1/2018,132.0,264000000.0
17/1/2018,134.0,268000000.0
18/1/2018,145.0,290000000.0
19/1/2018,147.0,294000000.0
22/1/2018,133.0,266000000.0
23/1/2018,143.0,286000000.0
24/1/2018,137.0,274000000.0
25/1/2018,136.0,272000000.0
26/1/2018,152.0,304000000.0
29/1/2018,151.0,302000000.0
30/1/2018,141.0,282000000.0
31/1/2018,146.0,292000000.0
1/2/2018,146.0,292000000.0
2/2/2018,154.0,308000000.0
5/2/2018,154.0,308000000.0
6/2/2018,155.0,310000000.0
7/2/2018,166.0,332000000.0
8/2/2018,157.0,314000000.0
9/2/2018,166.0,332000000.0
12/2/2018,96.0,192000000.0
13/2/2018,92.0,184000000.0
14/2/2018,95.0,190000000.0
15/2/2018,94.0,188000000.0
16/2/2018,91.0,182000000.0
19/2/2018,111.0,222000000.0
20/2/2018,121.0,242000000.0
21/2/2018,113.0,226000000.0
22/2/2018,107.0,214000000.0
23/2/2018,100.0,200000000.0
26/2/2018,97.0,194000000.0
27/2/2018,108.0,216000000.0
28/2/2018,112.0,224000000.0
1/3/2018,98.0,196000000.0
2/3/2018,92.0,184000000.0
5/3/2018,86.0,172000000.0
6/3/2018,89.0,178000000.0
7/3/2018,92.0,184000000.0
8/3/2018,96.0,192000000.0
9/3/2018,90.0,180000000.0
12/3/2018,100.0,200000000.0
13/3/2018,98.0,196000000.0
14/3/2018,103.0,206000000.0
15/3/2018,109.0,218000000.0
16/3/2018,107.0,214000000.0
19/3/2018,101.0,202000000.0
20/3/2018,96.0,192000000.0
21/3/2018,113.0,226000000.0
22/3/2018,116.0,232000000.0
23/3/2018,111.0,222000000.0
26/3/2018,95.0,190000000.0
27/3/2018,98.0,196000000.0
28/3/2018,119.0,238000000.0
29/3/2018,101.0,202000000.0
30/3/2018,110.0,220000000.0
2/4/2018,117.0,234000000.0
3/4/2018,133.0,266000000.0
4/4/2018,125.0,250000000.0
5/4/2018,137.0,274000000.0
6/4/2018,154.0,308000000.0
9/4/2018,141.0,282000000.0
10/4/2018,142.0,284000000.0
11/4/2018,137.0,274000000.0
12/4/2018,149.0,298000000.0
13/4/2018,155.0,310000000.0
16/4/2018,156.0,312000000.0
17/4/2018,151.0,302000000.0
18/4/2018,146.0,292000000.0
19/4/2018,139.0,278000000.0
20/4/2018,142.0,284000000.0
23/4/2018,141.0,282000000.0
24/4/2018,138.0,276000000.0
25/4/2018,132.0,264000000.0
26/4/2018,102.0,204000000.0
27/4/2018,109.0,218000000.0
30/4/2018,134.0,268000000.0
1/5/2018,134.0,268000000.0
2/5/2018,101.0,202000000.0
3/5/2018,99.0,198000000.0
4/5/2018,99.0,198000000.0
7/5/2018,96.0,192000000.0
8/5/2018,93.0,186000000.0
9/5/2018,94.0,188000000.0
10/5/2018,88.0,176000000.0
11/5/2018,84.0,168000000.0
14/5/2018,113.0,226000000.0
15/5/2018,90.0,180000000.0
16/5/2018,90.0,180000000.0
17/5/2018,98.0,196000000.0
18/5/2018,98.0,196000000.0
21/5/2018,94.0,188000000.0
22/5/2018,79.0,158000000.0
23/5/2018,86.0,172000000.0
24/5/2018,84.0,168000000.0
25/5/2018,101.0,202000000.0
28/5/2018,96.0,192000000.0
29/5/2018,100.0,200000000.0
30/5/2018,119.0,238000000.0
31/5/2018,142.0,284000000.0
1/6/2018,133.0,266000000.0
4/6/2018,140.0,280000000.0
5/6/2018,130.0,260000000.0
6/6/2018,129.0,258000000.0
7/6/2018,128.0,256000000.0
8/6/2018,133.0,266000000.0
11/6/2018,115.0,230000000.0
12/6/2018,116.0,232000000.0
13/6/2018,123.0,246000000.0
14/6/2018,120.0,240000000.0
15/6/2018,122.0,244000000.0
18/6/2018,113.0,226000000.0
19/6/2018,126.0,252000000.0
20/6/2018,141.0,282000000.0
21/6/2018,133.0,266000000.0
22/6/2018,133.0,266000000.0
25/6/2018,139.0,278000000.0
26/6/2018,155.0,310000000.0
27/6/2018,167.0,334000000.0
28/6/2018,150.0,300000000.0
29/6/2018,155.0,310000000.0
2/7/2018,151.0,302000000.0
3/7/2018,161.0,322000000.0
4/7/2018,152.0,304000000.0
5/7/2018,170.0,340000000.0
6/7/2018,175.0,350000000.0
9/7/2018,161.0,322000000.0
10/7/2018,139.0,278000000.0
11/7/2018,140.0,280000000.0
12/7/2018,149.0,298000000.0
13/7/2018,141.0,282000000.0
16/7/2018,132.0,264000000.0
17/7/2018,132.0,264000000.0
18/7/2018,129.0,258000000.0
19/7/2018,140.0,280000000.0
20/7/2018,139.0,278000000.0
23/7/2018,148.0,296000000.0
24/7/2018,154.0,308000000.0
25/7/2018,143.0,286000000.0
26/7/2018,134.0,268000000.0
27/7/2018,130.0,260000000.0
30/7/2018,117.0,234000000.0
31/7/2018,116.0,232000000.0
1/8/2018,128.0,256000000.0
2/8/2018,114.0,228000000.0
3/8/2018,125.0,250000000.0
6/8/2018,141.0,282000000.0
7/8/2018,151.0,302000000.0
8/8/2018,133.0,266000000.0
9/8/2018,150.0,300000000.0
10/8/2018,161.0,322000000.0
13/8/2018,172.0,344000000.0
14/8/2018,186.0,372000000.0
15/8/2018,182.0,364000000.0
16/8/2018,190.0,380000000.0
17/8/2018,172.0,344000000.0
20/8/2018,181.0,362000000.0
21/8/2018,179.0,358000000.0
22/8/2018,178.0,356000000.0
23/8/2018,174.0,348000000.0
24/8/2018,183.0,366000000.0
27/8/2018,184.0,368000000.0
28/8/2018,184.0,368000000.0
29/8/2018,180.0,360000000.0
30/8/2018,170.0,340000000.0
31/8/2018,177.0,354000000.0
3/9/2018,178.0,356000000.0
4/9/2018,186.0,372000000.0
5/9/2018,187.0,374000000.0
6/9/2018,192.0,384000000.0
7/9/2018,186.0,372000000.0
10/9/2018,185.0,370000000.0
11/9/2018,179.0,358000000.0
12/9/2018,177.0,354000000.0
13/9/2018,184.0,368000000.0
14/9/2018,172.0,344000000.0
17/9/2018,165.0,330000000.0
18/9/2018,163.0,326000000.0
19/9/2018,161.0,322000000.0
20/9/2018,144.0,288000000.0
21/9/2018,127.0,254000000.0
24/9/2018,106.0,212000000.0
25/9/2018,104.0,208000000.0
26/9/2018,100.0,200000000.0
27/9/2018,94.0,188000000.0
28/9/2018,86.0,172000000.0
1/10/2018,86.0,172000000.0
2/10/2018,100.0,200000000.0
3/10/2018,98.0,196000000.0
4/10/2018,98.0,196000000.0
5/10/2018,102.0,204000000.0
8/10/2018,104.0,208000000.0
9/10/2018,106.0,212000000.0
10/10/2018,127.0,254000000.0
11/10/2018,121.0,242000000.0
12/10/2018,166.0,332000000.0
15/10/2018,160.0,320000000.0
16/10/2018,149.0,298000000.0
17/10/2018,148.0,296000000.0
18/10/2018,142.0,284000000.0
19/10/2018,146.0,292000000.0
22/10/2018,144.0,288000000.0
23/10/2018,153.0,306000000.0
24/10/2018,160.0,320000000.0
25/10/2018,157.0,314000000.0
26/10/2018,198.0,396000000.0
29/10/2018,187.0,374000000.0
30/10/2018,194.0,388000000.0
31/10/2018,182.0,364000000.0
1/11/2018,171.0,342000000.0
2/11/2018,159.0,318000000.0
5/11/2018,138.0,276000000.0
6/11/2018,129.0,258000000.0
7/11/2018,125.0,250000000.0
8/11/2018,120.0,240000000.0
9/11/2018,117.0,234000000.0
12/11/2018,126.0,252000000.0
13/11/2018,123.0,246000000.0
14/11/2018,134.0,268000000.0
15/11/2018,124.0,248000000.0
16/11/2018,119.0,238000000.0
19/11/2018,124.0,248000000.0
20/11/2018,114.0,228000000.0
21/11/2018,115.0,230000000.0
22/11/2018,110.0,220000000.0
23/11/2018,113.0,226000000.0
26/11/2018,112.0,224000000.0
27/11/2018,107.0,214000000.0
28/11/2018,111.0,222000000.0
29/11/2018,99.0,198000000.0
30/11/2018,109.0,218000000.0
3/12/2018,105.0,210000000.0
4/12/2018,104.0,208000000.0
5/12/2018,112.0,224000000.0
6/12/2018,115.0,230000000.0
7/12/2018,121.0,242000000.0
10/12/2018,125.0,250000000.0
11/12/2018,137.0,274000000.0
12/12/2018,130.0,260000000.0
13/12/2018,126.0,252000000.0
14/12/2018,124.0,248000000.0
17/12/2018,141.0,282000000.0
18/12/2018,127.0,254000000.0
19/12/2018,137.0,274000000.0
20/12/2018,153.0,306000000.0
21/12/2018,170.0,340000000.0
24/12/2018,179.0,358000000.0
25/12/2018,181.0,362000000.0
26/12/2018,164.0,328000000.0
27/12/2018,160.0,320000000.0
28/12/2018,185.0,370000000.0
31/12/2018,187.0,374000000.0
1/1/2019,188.0,376000000.0
2/1/2019,189.0,378000000.0
3/1/2019,192.0,384000000.0
4/1/2019,194.0,388000000.0
7/1/2019,180.0,360000000.0
8/1/2019,192.0,384000000.0
9/1/2019,179.0,358000000.0
10/1/2019,182.0,364000000.0
11/1/2019,182.0,364000000.0
14/1/2019,166.0,332000000.0
15/1/2019,161.0,322000000.0
16/1/2019,143.0,286000000.0
17/1/2019,141.0,282000000.0
18/1/2019,141.0,282000000.0
21/1/2019,124.0,248000000.0
22/1/2019,110.0,220000000.0
23/1/2019,123.0,246000000.0
24/1/2019,125.0,250000000.0
25/1/2019,113.0,226000000.0
28/1/2019,92.0,184000000.0
29/1/2019,98.0,196000000.0
30/1/2019,101.0,202000000.0
31/1/2019,96.0,192000000.0
1/2/2019,91.0,182000000.0
4/2/2019,121.0,242000000.0
5/2/2019,124.0,248000000.0
6/2/2019,125.0,250000000.0
7/2/2019,111.0,222000000.0
8/2/2019,92.0,184000000.0
11/2/2019,111.0,222000000.0
12/2/2019,112.0,224000000.0
13/2/2019,107.0,214000000.0
14/2/2019,97.0,194000000.0
15/2/2019,101.0,202000000.0
18/2/2019,93.0,186000000.0
19/2/2019,92.0,184000000.0
20/2/2019,92.0,184000000.0
21/2/2019,91.0,182000000.0
22/2/2019,94.0,188000000.0
25/2/2019,92.0,184000000.0
26/2/2019,91.0,182000000.0
27/2/2019,91.0,182000000.0
28/2/2019,93.0,186000000.0
1/3/2019,101.0,202000000.0
4/3/2019,110.0,220000000.0
5/3/2019,102.0,204000000.0
6/3/2019,106.0,212000000.0
7/3/2019,119.0,238000000.0
8/3/2019,125.0,250000000.0
11/3/2019,106.0,212000000.0
12/3/2019,118.0,236000000.0
13/3/2019,125.0,250000000.0
14/3/2019,134.0,268000000.0
15/3/2019,150.0,300000000.0
18/3/2019,156.0,312000000.0
19/3/2019,152.0,304000000.0
20/3/2019,151.0,302000000.0
21/3/2019,160.0,320000000.0
22/3/2019,162.0,324000000.0
25/3/2019,161.0,322000000.0
26/3/2019,160.0,320000000.0
27/3/2019,175.0,350000000.0
28/3/2019,153.0,306000000.0
29/3/2019,137.0,274000000.0
1/4/2019,168.0,336000000.0
2/4/2019,154.0,308000000.0
3/4/2019,116.0,232000000.0
4/4/2019,105.0,210000000.0
5/4/2019,93.0,186000000.0
8/4/2019,96.0,192000000.0
9/4/2019,95.0,190000000.0
10/4/2019,97.0,194000000.0
11/4/2019,132.0,264000000.0
12/4/2019,150.0,300000000.0
15/4/2019,148.0,296000000.0
16/4/2019,154.0,308000000.0
17/4/2019,155.0,310000000.0
18/4/2019,157.0,314000000.0
19/4/2019,159.0,318000000.0
22/4/2019,162.0,324000000.0
23/4/2019,149.0,298000000.0
24/4/2019,144.0,288000000.0
25/4/2019,147.0,294000000.0
26/4/2019,98.0,196000000.0
29/4/2019,158.0,316000000.0
30/4/2019,160.0,320000000.0
1/5/2019,158.0,316000000.0
2/5/2019,160.0,320000000.0
3/5/2019,158.0,316000000.0
6/5/2019,159.0,318000000.0
7/5/2019,156.0,312000000.0
8/5/2019,148.0,296000000.0
9/5/2019,149.0,298000000.0
10/5/2019,149.0,298000000.0
13/5/2019,117.0,234000000.0
14/5/2019,108.0,216000000.0
15/5/2019,105.0,210000000.0
16/5/2019,105.0,210000000.0
17/5/2019,118.0,236000000.0
20/5/2019,120.0,240000000.0
21/5/2019,135.0,270000000.0
22/5/2019,125.0,250000000.0
23/5/2019,124.0,248000000.0
24/5/2019,120.0,240000000.0
27/5/2019,143.0,286000000.0
28/5/2019,149.0,298000000.0
29/5/2019,152.0,304000000.0
30/5/2019,147.0,294000000.0
31/5/2019,143.0,286000000.0
3/6/2019,149.0,298000000.0
4/6/2019,157.0,314000000.0
5/6/2019,154.0,308000000.0
6/6/2019,163.0,326000000.0
7/6/2019,163.0,326000000.0
10/6/2019,166.0,332000000.0
11/6/2019,177.0,354000000.0
12/6/2019,171.0,342000000.0
13/6/2019,164.0,328000000.0
14/6/2019,160.0,320000000.0
17/6/2019,161.0,322000000.0
18/6/2019,164.0,328000000.0
19/6/2019,165.0,330000000.0
20/6/2019,163.0,326000000.0
21/6/2019,172.0,344000000.0
24/6/2019,154.0,308000000.0
25/6/2019,142.0,284000000.0
26/6/2019,163.0,326000000.0
27/6/2019,144.0,288000000.0
28/6/2019,131.0,262000000.0
1/7/2019,131.0,262000000.0
2/7/2019,149.0,298000000.0
3/7/2019,144.0,288000000.0
4/7/2019,154.0,308000000.0
5/7/2019,163.0,326000000.0
8/7/2019,155.0,310000000.0
9/7/2019,166.0,332000000.0
10/7/2019,176.0,352000000.0
11/7/2019,184.0,368000000.0
12/7/2019,179.0,358000000.0
15/7/2019,174.0,348000000.0
16/7/2019,176.0,352000000.0
17/7/2019,187.0,374000000.0
18/7/2019,192.0,384000000.0
19/7/2019,184.0,368000000.0
22/7/2019,183.0,366000000.0
23/7/2019,158.0,316000000.0
24/7/2019,159.0,318000000.0
25/7/2019,163.0,326000000.0
26/7/2019,167.0,334000000.0
29/7/2019,171.0,342000000.0
30/7/2019,155.0,310000000.0
31/7/2019,152.0,304000000.0
1/8/2019,124.0,248000000.0
2/8/2019,140.0,280000000.0
5/8/2019,130.0,260000000.0
6/8/2019,122.0,244000000.0
7/8/2019,128.0,256000000.0
8/8/2019,125.0,250000000.0
9/8/2019,125.0,250000000.0
12/8/2019,122.0,244000000.0
13/8/2019,124.0,248000000.0
14/8/2019,119.0,238000000.0
15/8/2019,114.0,228000000.0
16/8/2019,119.0,238000000.0
19/8/2019,133.0,266000000.0
20/8/2019,125.0,250000000.0
21/8/2019,142.0,284000000.0
22/8/2019,137.0,274000000.0
23/8/2019,153.0,306000000.0
26/8/2019,155.0,310000000.0
27/8/2019,161.0,322000000.0
28/8/2019,179.0,358000000.0
29/8/2019,176.0,352000000.0
30/8/2019,175.0,350000000.0
2/9/2019,183.0,366000000.0
3/9/2019,138.0,276000000.0
4/9/2019,144.0,288000000.0
5/9/2019,136.0,272000000.0
6/9/2019,146.0,292000000.0
9/9/2019,136.0,272000000.0
10/9/2019,139.0,278000000.0
11/9/2019,134.0,268000000.0
12/9/2019,101.0,202000000.0
13/9/2019,111.0,222000000.0
16/9/2019,109.0,218000000.0
17/9/2019,108.0,216000000.0
18/9/2019,112.0,224000000.0
19/9/2019,118.0,236000000.0
20/9/2019,107.0,214000000.0
23/9/2019,114.0,228000000.0
24/9/2019,113.0,226000000.0
25/9/2019,119.0,238000000.0
26/9/2019,114.0,228000000.0
27/9/2019,116.0,232000000.0
30/9/2019,125.0,250000000.0
1/10/2019,133.0,266000000.0
2/10/2019,134.0,268000000.0
3/10/2019,132.0,264000000.0
4/10/2019,140.0,280000000.0
7/10/2019,141.0,282000000.0
8/10/2019,136.0,272000000.0
9/10/2019,136.0,272000000.0
10/10/2019,124.0,248000000.0
11/10/2019,124.0,248000000.0
14/10/2019,113.0,226000000.0
15/10/2019,113.0,226000000.0
16/10/2019,99.0,198000000.0
17/10/2019,104.0,208000000.0
18/10/2019,116.0,232000000.0
21/10/2019,118.0,236000000.0
22/10/2019,115.0,230000000.0
23/10/2019,114.0,228000000.0
24/10/2019,114.0,228000000.0
25/10/2019,113.0,226000000.0
28/10/2019,116.0,232000000.0
29/10/2019,129.0,258000000.0
30/10/2019,116.0,232000000.0
31/10/2019,137.0,274000000.0
1/11/2019,125.0,250000000.0
4/11/2019,125.0,250000000.0
5/11/2019,124.0,248000000.0
6/11/2019,106.0,212000000.0
7/11/2019,124.0,248000000.0
8/11/2019,131.0,262000000.0
11/11/2019,136.0,272000000.0
12/11/2019,136.0,272000000.0
13/11/2019,150.0,300000000.0
14/11/2019,161.0,322000000.0
15/11/2019,163.0,326000000.0
18/11/2019,157.0,314000000.0
19/11/2019,147.0,294000000.0
20/11/2019,110.0,220000000.0
21/11/2019,116.0,232000000.0
22/11/2019,116.0,232000000.0
25/11/2019,121.0,242000000.0
26/11/2019,123.0,246000000.0
27/11/2019,120.0,240000000.0
28/11/2019,122.0,244000000.0
29/11/2019,124.0,248000000.0
2/12/2019,120.0,240000000.0
3/12/2019,121.0,242000000.0
4/12/2019,122.0,244000000.0
5/12/2019,117.0,234000000.0
6/12/2019,120.0,240000000.0
9/12/2019,114.0,228000000.0
10/12/2019,126.0,252000000.0
11/12/2019,127.0,254000000.0
12/12/2019,114.0,228000000.0
13/12/2019,119.0,238000000.0
16/12/2019,135.0,270000000.0
17/12/2019,134.0,268000000.0
18/12/2019,135.0,270000000.0
19/12/2019,129.0,258000000.0
20/12/2019,121.0,242000000.0
23/12/2019,131.0,262000000.0
24/12/2019,121.0,242000000.0
25/12/2019,115.0,230000000.0
26/12/2019,115.0,230000000.0
27/12/2019,118.0,236000000.0
30/12/2019,115.0,230000000.0
31/12/2019,120.0,240000000.0
1/1/2020,120.0,240000000.0
2/1/2020,120.0,240000000.0
3/1/2020,120.0,240000000.0
6/1/2020,121.0,242000000.0
7/1/2020,119.0,238000000.0
8/1/2020,121.0,242000000.0
9/1/2020,121.0,242000000.0
10/1/2020,114.0,228000000.0
13/1/2020,122.0,244000000.0
14/1/2020,121.0,242000000.0
15/1/2020,127.0,254000000.0
16/1/2020,116.0,232000000.0
17/1/2020,120.0,240000000.0
20/1/2020,128.0,256000000.0
21/1/2020,125.0,250000000.0
22/1/2020,133.0,266000000.0
23/1/2020,138.0,276000000.0
24/1/2020,143.0,286000000.0
27/1/2020,136.0,272000000.0
28/1/2020,129.0,258000000.0
29/1/2020,129.0,258000000.0
30/1/2020,124.0,248000000.0
31/1/2020,125.0,250000000.0
3/2/2020,134.0,268000000.0
4/2/2020,131.0,262000000.0
5/2/2020,132.0,264000000.0
6/2/2020,123.0,246000000.0
7/2/2020,170.0,340000000.0
10/2/2020,158.0,316000000.0
11/2/2020,169.0,338000000.0
12/2/2020,171.0,342000000.0
13/2/2020,175.0,350000000.0
14/2/2020,178.0,356000000.0
17/2/2020,181.0,362000000.0
18/2/2020,174.0,348000000.0
19/2/2020,171.0,342000000.0
20/2/2020,179.0,358000000.0
21/2/2020,189.0,378000000.0
24/2/2020,187.0,374000000.0
25/2/2020,187.0,374000000.0
26/2/2020,164.0,328000000.0
27/2/2020,151.0,302000000.0
28/2/2020,131.0,262000000.0
2/3/2020,119.0,238000000.0
3/3/2020,110.0,220000000.0
4/3/2020,107.0,214000000.0
5/3/2020,118.0,236000000.0
6/3/2020,114.0,228000000.0
9/3/2020,113.0,226000000.0
10/3/2020,100.0,200000000.0
11/3/2020,103.0,206000000.0
12/3/2020,100.0,200000000.0
13/3/2020,102.0,204000000.0
16/3/2020,105.0,210000000.0
17/3/2020,94.0,188000000.0
18/3/2020,79.0,158000000.0
19/3/2020,67.0,134000000.0
20/3/2020,75.0,150000000.0
23/3/2020,75.0,150000000.0
24/3/2020,68.0,136000000.0
25/3/2020,77.0,154000000.0
26/3/2020,87.0,174000000.0
27/3/2020,83.0,166000000.0
30/3/2020,102.0,204000000.0
31/3/2020,94.0,188000000.0
1/4/2020,87.0,174000000.0
2/4/2020,87.0,174000000.0
3/4/2020,79.0,158000000.0
6/4/2020,85.0,170000000.0
7/4/2020,84.0,168000000.0
8/4/2020,95.0,190000000.0
9/4/2020,108.0,216000000.0
10/4/2020,110.0,220000000.0
13/4/2020,108.0,216000000.0
14/4/2020,89.0,178000000.0
15/4/2020,123.0,246000000.0
16/4/2020,124.0,248000000.0
17/4/2020,125.0,250000000.0
20/4/2020,161.0,322000000.0
21/4/2020,159.0,318000000.0
22/4/2020,147.0,294000000.0
23/4/2020,145.0,290000000.0
24/4/2020,168.0,336000000.0
27/4/2020,164.0,328000000.0
28/4/2020,188.0,376000000.0
29/4/2020,180.0,360000000.0
30/4/2020,182.0,364000000.0
1/5/2020,190.0,380000000.0
4/5/2020,183.0,366000000.0
5/5/2020,186.0,372000000.0
6/5/2020,189.0,378000000.0
7/5/2020,194.0,388000000.0
8/5/2020,187.0,374000000.0
11/5/2020,192.0,384000000.0
12/5/2020,190.0,380000000.0
13/5/2020,186.0,372000000.0
14/5/2020,182.0,364000000.0
15/5/2020,191.0,382000000.0
18/5/2020,179.0,358000000.0
19/5/2020,176.0,352000000.0
20/5/2020,158.0,316000000.0
21/5/2020,152.0,304000000.0
22/5/2020,161.0,322000000.0
25/5/2020,159.0,318000000.0
26/5/2020,141.0,282000000.0
27/5/2020,121.0,242000000.0
28/5/2020,107.0,214000000.0
29/5/2020,104.0,208000000.0
1/6/2020,123.0,246000000.0
2/6/2020,124.0,248000000.0
3/6/2020,115.0,230000000.0
4/6/2020,99.0,198000000.0
5/6/2020,97.0,194000000.0
8/6/2020,89.0,178000000.0
9/6/2020,73.0,146000000.0
10/6/2020,73.0,146000000.0
11/6/2020,85.0,170000000.0
12/6/2020,98.0,196000000.0
15/6/2020,115.0,230000000.0
16/6/2020,125.0,250000000.0
17/6/2020,90.0,180000000.0
18/6/2020,105.0,210000000.0
19/6/2020,103.0,206000000.0
22/6/2020,133.0,266000000.0
23/6/2020,154.0,308000000.0
24/6/2020,114.0,228000000.0
25/6/2020,129.0,258000000.0
26/6/2020,165.0,330000000.0
29/6/2020,157.0,314000000.0
30/6/2020,180.0,360000000.0
1/7/2020,170.0,340000000.0
2/7/2020,177.0,354000000.0
3/7/2020,180.0,360000000.0
6/7/2020,178.0,356000000.0
7/7/2020,145.0,290000000.0
8/7/2020,159.0,318000000.0
9/7/2020,179.0,358000000.0
10/7/2020,182.0,364000000.0
13/7/2020,183.0,366000000.0
14/7/2020,160.0,320000000.0
15/7/2020,161.0,322000000.0
16/7/2020,144.0,288000000.0
17/7/2020,139.0,278000000.0
20/7/2020,167.0,334000000.0
21/7/2020,166.0,332000000.0
22/7/2020,164.0,328000000.0
23/7/2020,161.0,322000000.0
24/7/2020,163.0,326000000.0
27/7/2020,163.0,326000000.0
28/7/2020,192.0,384000000.0
29/7/2020,186.0,372000000.0
30/7/2020,184.0,368000000.0
31/7/2020,179.0,358000000.0
3/8/2020,185.0,370000000.0
4/8/2020,184.0,368000000.0
5/8/2020,188.0,376000000.0
6/8/2020,153.0,306000000.0
7/8/2020,141.0,282000000.0
10/8/2020,148.0,296000000.0
11/8/2020,150.0,300000000.0
12/8/2020,127.0,254000000.0
13/8/2020,122.0,244000000.0
14/8/2020,128.0,256000000.0
17/8/2020,130.0,260000000.0
18/8/2020,136.0,272000000.0
19/8/2020,141.0,282000000.0
20/8/2020,134.0,268000000.0
21/8/2020,137.0,274000000.0
24/8/2020,128.0,256000000.0
25/8/2020,138.0,276000000.0
26/8/2020,118.0,236000000.0
27/8/2020,121.0,242000000.0
28/8/2020,127.0,254000000.0
31/8/2020,112.0,224000000.0
1/9/2020,114.0,228000000.0
2/9/2020,126.0,252000000.0
3/9/2020,132.0,264000000.0
4/9/2020,121.0,242000000.0
7/9/2020,122.0,244000000.0
8/9/2020,119.0,238000000.0
9/9/2020,120.0,240000000.0
10/9/2020,130.0,260000000.0
11/9/2020,135.0,270000000.0
14/9/2020,127.0,254000000.0
15/9/2020,116.0,232000000.0
16/9/2020,130.0,260000000.0
17/9/2020,129.0,258000000.0
18/9/2020,133.0,266000000.0
21/9/2020,136.0,272000000.0
22/9/2020,136.0,272000000.0
23/9/2020,136.0,272000000.0
24/9/2020,158.0,316000000.0
25/9/2020,140.0,280000000.0
28/9/2020,168.0,336000000.0
29/9/2020,154.0,308000000.0
30/9/2020,157.0,314000000.0
1/10/2020,171.0,342000000.0
2/10/2020,168.0,336000000.0
5/10/2020,156.0,312000000.0
6/10/2020,155.0,310000000.0
7/10/2020,143.0,286000000.0
8/10/2020,146.0,292000000.0
9/10/2020,147.0,294000000.0
12/10/2020,153.0,306000000.0
13/10/2020,155.0,310000000.0
14/10/2020,149.0,298000000.0
15/10/2020,156.0,312000000.0
16/10/2020,157.0,314000000.0
19/10/2020,160.0,320000000.0
20/10/2020,158.0,316000000.0
21/10/2020,147.0,294000000.0
22/10/2020,143.0,286000000.0
23/10/2020,136.0,272000000.0
26/10/2020,143.0,286000000.0
27/10/2020,141.0,282000000.0
28/10/2020,143.0,286000000.0
29/10/2020,161.0,322000000.0
30/10/2020,144.0,288000000.0
2/11/2020,140.0,280000000.0
3/11/2020,123.0,246000000.0
4/11/2020,122.0,244000000.0
5/11/2020,135.0,270000000.0
6/11/2020,139.0,278000000.0
9/11/2020,128.0,256000000.0
10/11/2020,140.0,280000000.0
11/11/2020,128.0,256000000.0
12/11/2020,125.0,250000000.0
13/11/2020,131.0,262000000.0
16/11/2020,145.0,290000000.0
17/11/2020,138.0,276000000.0
18/11/2020,147.0,294000000.0
19/11/2020,137.0,274000000.0
20/11/2020,143.0,286000000.0
23/11/2020,135.0,270000000.0
24/11/2020,135.0,270000000.0
25/11/2020,131.0,262000000.0
26/11/2020,111.0,222000000.0
27/11/2020,112.0,224000000.0
30/11/2020,117.0,234000000.0
1/12/2020,125.0,250000000.0
2/12/2020,145.0,290000000.0
3/12/2020,141.0,282000000.0
4/12/2020,151.0,302000000.0
7/12/2020,143.0,286000000.0
8/12/2020,145.0,290000000.0
9/12/2020,151.0,302000000.0
10/12/2020,155.0,310000000.0
11/12/2020,142.0,284000000.0
14/12/2020,146.0,292000000.0
15/12/2020,127.0,254000000.0
16/12/2020,138.0,276000000.0
17/12/2020,139.0,278000000.0
18/12/2020,145.0,290000000.0
21/12/2020,138.0,276000000.0
22/12/2020,141.0,282000000.0
23/12/2020,132.0,264000000.0
24/12/2020,145.0,290000000.0
25/12/2020,144.0,288000000.0
28/12/2020,135.0,270000000.0
29/12/2020,111.0,222000000.0
30/12/2020,121.0,242000000.0
31/12/2020,116.0,232000000.0
1/1/2021,118.0,236000000.0
4/1/2021,119.0,238000000.0
5/1/2021,108.0,216000000.0
6/1/2021,119.0,238000000.0
7/1/2021,118.0,236000000.0
8/1/2021,122.0,244000000.0
11/1/2021,139.0,278000000.0
12/1/2021,139.0,278000000.0
13/1/2021,164.0,328000000.0
14/1/2021,172.0,344000000.0
15/1/2021,160.0,320000000.0
18/1/2021,169.0,338000000.0
19/1/2021,155.0,310000000.0
20/1/2021,145.0,290000000.0
21/1/2021,137.0,274000000.0
22/1/2021,152.0,304000000.0
25/1/2021,160.0,320000000.0
26/1/2021,160.0,320000000.0
27/1/2021,158.0,316000000.0
28/1/2021,166.0,332000000.0
29/1/2021,169.0,338000000.0
1/2/2021,172.0,344000000.0
2/2/2021,176.0,352000000.0
3/2/2021,177.0,354000000.0
4/2/2021,183.0,366000000.0
5/2/2021,182.0,364000000.0
8/2/2021,186.0,372000000.0
9/2/2021,182.0,364000000.0
10/2/2021,173.0,346000000.0
11/2/2021,179.0,358000000.0
12/2/2021,179.0,358000000.0
15/2/2021,158.0,316000000.0
16/2/2021,173.0,346000000.0
17/2/2021,186.0,372000000.0
18/2/2021,178.0,356000000.0
19/2/2021,169.0,338000000.0
22/2/2021,179.0,358000000.0
23/2/2021,161.0,322000000.0
24/2/2021,166.0,332000000.0
25/2/2021,170.0,340000000.0
26/2/2021,168.0,336000000.0
1/3/2021,187.0,374000000.0
2/3/2021,190.0,380000000.0
3/3/2021,194.0,388000000.0
4/3/2021,185.0,370000000.0
5/3/2021,194.0,388000000.0
8/3/2021,193.0,386000000.0
9/3/2021,182.0,364000000.0
10/3/2021,167.0,334000000.0
11/3/2021,165.0,330000000.0
12/3/2021,170.0,340000000.0
15/3/2021,179.0,358000000.0
16/3/2021,158.0,316000000.0
17/3/2021,161.0,322000000.0
18/3/2021,168.0,336000000.0
19/3/2021,169.0,338000000.0
22/3/2021,168.0,336000000.0
23/3/2021,172.0,344000000.0
24/3/2021,173.0,346000000.0
25/3/2021,184.0,368000000.0
26/3/2021,181.0,362000000.0
29/3/2021,167.0,334000000.0
30/3/2021,172.0,344000000.0
31/3/2021,175.0,350000000.0
1/4/2021,194.0,388000000.0
2/4/2021,208.0,416000000.0
5/4/2021,213.0,426000000.0
6/4/2021,202.0,404000000.0
7/4/2021,203.0,406000000.0
8/4/2021,202.0,404000000.0
9/4/2021,214.0,428000000.0
12/4/2021,211.0,422000000.0
13/4/2021,209.0,418000000.0
14/4/2021,216.0,432000000.0
15/4/2021,211.0,422000000.0
16/4/2021,214.0,428000000.0
19/4/2021,201.0,402000000.0
20/4/2021,206.0,412000000.0
21/4/2021,202.0,404000000.0
22/4/2021,179.0,358000000.0
23/4/2021,187.0,374000000.0
26/4/2021,186.0,372000000.0
27/4/2021,175.0,350000000.0
28/4/2021,163.0,326000000.0
29/4/2021,182.0,364000000.0
30/4/2021,182.0,364000000.0
3/5/2021,179.0,358000000.0
4/5/2021,180.0,360000000.0
5/5/2021,182.0,364000000.0
6/5/2021,179.0,358000000.0
7/5/2021,191.0,382000000.0
10/5/2021,193.0,386000000.0
11/5/2021,172.0,344000000.0
12/5/2021,131.0,262000000.0
13/5/2021,112.0,224000000.0
14/5/2021,117.0,234000000.0
17/5/2021,111.0,222000000.0
18/5/2021,99.0,198000000.0
19/5/2021,108.0,216000000.0
20/5/2021,113.0,226000000.0
21/5/2021,118.0,236000000.0
24/5/2021,122.0,244000000.0
25/5/2021,139.0,278000000.0
26/5/2021,150.0,300000000.0
27/5/2021,153.0,306000000.0
28/5/2021,152.0,304000000.0
31/5/2021,171.0,342000000.0
1/6/2021,163.0,326000000.0
2/6/2021,163.0,326000000.0
3/6/2021,148.0,296000000.0
4/6/2021,133.0,266000000.0
7/6/2021,138.0,276000000.0
8/6/2021,151.0,302000000.0
9/6/2021,163.0,326000000.0
10/6/2021,155.0,310000000.0
11/6/2021,161.0,322000000.0
14/6/2021,172.0,344000000.0
15/6/2021,165.0,330000000.0
16/6/2021,163.0,326000000.0
17/6/2021,164.0,328000000.0
18/6/2021,149.0,298000000.0
21/6/2021,151.0,302000000.0
22/6/2021,152.0,304000000.0
23/6/2021,153.0,306000000.0
24/6/2021,166.0,332000000.0
25/6/2021,173.0,346000000.0
28/6/2021,176.0,352000000.0
29/6/2021,180.0,360000000.0
30/6/2021,178.0,356000000.0
1/7/2021,175.0,350000000.0
2/7/2021,170.0,340000000.0
5/7/2021,171.0,342000000.0
6/7/2021,178.0,356000000.0
7/7/2021,172.0,344000000.0
8/7/2021,164.0,328000000.0
9/7/2021,161.0,322000000.0
12/7/2021,155.0,310000000.0
13/7/2021,176.0,352000000.0
14/7/2021,168.0,336000000.0
15/7/2021,159.0,318000000.0
16/7/2021,136.0,272000000.0
19/7/2021,138.0,276000000.0
20/7/2021,117.0,234000000.0
21/7/2021,106.0,212000000.0
22/7/2021,104.0,208000000.0
23/7/2021,103.0,206000000.0
26/7/2021,103.0,206000000.0
27/7/2021,111.0,222000000.0
28/7/2021,121.0,242000000.0
29/7/2021,123.0,246000000.0
30/7/2021,111.0,222000000.0
2/8/2021,94.0,188000000.0
3/8/2021,104.0,208000000.0
4/8/2021,101.0,202000000.0
5/8/2021,109.0,218000000.0
6/8/2021,112.0,224000000.0
9/8/2021,112.0,224000000.0
10/8/2021,112.0,224000000.0
11/8/2021,121.0,242000000.0
12/8/2021,130.0,260000000.0
13/8/2021,126.0,252000000.0
16/8/2021,121.0,242000000.0
17/8/2021,108.0,216000000.0
18/8/2021,116.0,232000000.0
19/8/2021,116.0,232000000.0
20/8/2021,106.0,212000000.0
23/8/2021,122.0,244000000.0
24/8/2021,119.0,238000000.0
25/8/2021,131.0,262000000.0
26/8/2021,115.0,230000000.0
27/8/2021,124.0,248000000.0
30/8/2021,133.0,266000000.0
31/8/2021,130.0,260000000.0
1/9/2021,134.0,268000000.0
2/9/2021,134.0,268000000.0
3/9/2021,136.0,272000000.0
6/9/2021,141.0,282000000.0
7/9/2021,141.0,282000000.0
8/9/2021,141.0,282000000.0
9/9/2021,144.0,288000000.0
10/9/2021,145.0,290000000.0
13/9/2021,145.0,290000000.0
14/9/2021,158.0,316000000.0
15/9/2021,149.0,298000000.0
16/9/2021,152.0,304000000.0
17/9/2021,146.0,292000000.0
20/9/2021,144.0,288000000.0
21/9/2021,145.0,290000000.0
22/9/2021,135.0,270000000.0
23/9/2021,136.0,272000000.0
24/9/2021,137.0,274000000.0
27/9/2021,145.0,290000000.0
28/9/2021,150.0,300000000.0
29/9/2021,149.0,298000000.0
30/9/2021,139.0,278000000.0
1/10/2021,131.0,262000000.0
4/10/2021,120.0,240000000.0
5/10/2021,122.0,244000000.0
6/10/2021,124.0,248000000.0
7/10/2021,133.0,266000000.0
8/10/2021,133.0,266000000.0
11/10/2021,134.0,268000000.0
12/10/2021,135.0,270000000.0
13/10/2021,129.0,258000000.0
14/10/2021,130.0,260000000.0
15/10/2021,125.0,250000000.0
18/10/2021,145.0,290000000.0
19/10/2021,148.0,296000000.0
20/10/2021,153.0,306000000.0
21/10/2021,154.0,308000000.0
22/10/2021,128.0,256000000.0
25/10/2021,136.0,272000000.0
26/10/2021,129.0,258000000.0
27/10/2021,155.0,310000000.0
28/10/2021,149.0,298000000.0
29/10/2021,136.0,272000000.0
1/11/2021,131.0,262000000.0
2/11/2021,126.0,252000000.0
3/11/2021,140.0,280000000.0
4/11/2021,142.0,284000000.0
5/11/2021,133.0,266000000.0
8/11/2021,151.0,302000000.0
9/11/2021,138.0,276000000.0
10/11/2021,116.0,232000000.0
11/11/2021,156.0,312000000.0
12/11/2021,160.0,320000000.0
15/11/2021,139.0,278000000.0
16/11/2021,140.0,280000000.0
17/11/2021,150.0,300000000.0
18/11/2021,158.0,316000000.0
19/11/2021,160.0,320000000.0
22/11/2021,150.0,300000000.0
23/11/2021,153.0,306000000.0
24/11/2021,154.0,308000000.0
25/11/2021,161.0,322000000.0
26/11/2021,170.0,340000000.0
29/11/2021,161.0,322000000.0
30/11/2021,151.0,302000000.0
1/12/2021,149.0,298000000.0
2/12/2021,141.0,282000000.0
3/12/2021,143.0,286000000.0
6/12/2021,149.0,298000000.0
7/12/2021,152.0,304000000.0
8/12/2021,170.0,340000000.0
9/12/2021,166.0,332000000.0
10/12/2021,158.0,316000000.0
13/12/2021,162.0,324000000.0
14/12/2021,160.0,320000000.0
15/12/2021,158.0,316000000.0
16/12/2021,158.0,316000000.0
17/12/2021,165.0,330000000.0
20/12/2021,162.0,324000000.0
21/12/2021,140.0,280000000.0
22/12/2021,158.0,316000000.0
23/12/2021,164.0,328000000.0
24/12/2021,173.0,346000000.0
27/12/2021,174.0,348000000.0
28/12/2021,168.0,336000000.0
29/12/2021,166.0,332000000.0
30/12/2021,171.0,342000000.0
31/12/2021,180.0,360000000.0
3/1/2022,181.0,362000000.0
4/1/2022,181.0,362000000.0
5/1/2022,167.0,334000000.0
6/1/2022,170.0,340000000.0
7/1/2022,155.0,310000000.0
10/1/2022,141.0,282000000.0
11/1/2022,141.0,282000000.0
12/1/2022,149.0,298000000.0
13/1/2022,156.0,312000000.0
14/1/2022,154.0,308000000.0
17/1/2022,139.0,278000000.0
18/1/2022,151.0,302000000.0
19/1/2022,150.0,300000000.0
20/1/2022,146.0,292000000.0
21/1/2022,160.0,320000000.0
24/1/2022,157.0,314000000.0
25/1/2022,146.0,292000000.0
26/1/2022,143.0,286000000.0
27/1/2022,153.0,306000000.0
28/1/2022,143.0,286000000.0
31/1/2022,146.0,292000000.0
1/2/2022,149.0,298000000.0
2/2/2022,149.0,298000000.0
3/2/2022,157.0,314000000.0
4/2/2022,164.0,328000000.0
7/2/2022,168.0,336000000.0
8/2/2022,160.0,320000000.0
9/2/2022,157.0,314000000.0
10/2/2022,131.0,262000000.0
11/2/2022,161.0,322000000.0
14/2/2022,158.0,316000000.0
15/2/2022,166.0,332000000.0
16/2/2022,164.0,328000000.0
17/2/2022,170.0,340000000.0
18/2/2022,172.0,344000000.0
21/2/2022,179.0,358000000.0
22/2/2022,181.0,362000000.0
23/2/2022,173.0,346000000.0
24/2/2022,174.0,348000000.0
25/2/2022,162.0,324000000.0
28/2/2022,159.0,318000000.0
1/3/2022,161.0,322000000.0
2/3/2022,141.0,282000000.0
3/3/2022,159.0,318000000.0
4/3/2022,156.0,312000000.0
7/3/2022,168.0,336000000.0
8/3/2022,154.0,308000000.0
9/3/2022,135.0,270000000.0
10/3/2022,149.0,298000000.0
11/3/2022,143.0,286000000.0
14/3/2022,137.0,274000000.0
15/3/2022,131.0,262000000.0
16/3/2022,135.0,270000000.0
17/3/2022,147.0,294000000.0
18/3/2022,142.0,284000000.0
21/3/2022,150.0,300000000.0
22/3/2022,151.0,302000000.0
23/3/2022,127.0,254000000.0
24/3/2022,112.0,224000000.0
25/3/2022,111.0,222000000.0
28/3/2022,106.0,212000000.0
29/3/2022,109.0,218000000.0
30/3/2022,107.0,214000000.0
31/3/2022,103.0,206000000.0
1/4/2022,116.0,232000000.0
4/4/2022,98.0,196000000.0
5/4/2022,108.0,216000000.0
6/4/2022,111.0,222000000.0
7/4/2022,116.0,232000000.0
8/4/2022,126.0,252000000.0
11/4/2022,114.0,228000000.0
12/4/2022,111.0,222000000.0
13/4/2022,115.0,230000000.0
14/4/2022,113.0,226000000.0
15/4/2022,118.0,236000000.0
18/4/2022,119.0,238000000.0
19/4/2022,119.0,238000000.0
20/4/2022,128.0,256000000.0
21/4/2022,123.0,246000000.0
22/4/2022,114.0,228000000.0
25/4/2022,127.0,254000000.0
26/4/2022,131.0,262000000.0
27/4/2022,125.0,250000000.0
28/4/2022,117.0,234000000.0
29/4/2022,120.0,240000000.0
2/5/2022,119.0,238000000.0
3/5/2022,116.0,232000000.0
4/5/2022,117.0,234000000.0
5/5/2022,120.0,240000000.0
6/5/2022,119.0,238000000.0
9/5/2022,123.0,246000000.0
10/5/2022,122.0,244000000.0
11/5/2022,137.0,274000000.0
12/5/2022,132.0,264000000.0
13/5/2022,121.0,242000000.0
16/5/2022,123.0,246000000.0
17/5/2022,117.0,234000000.0
18/5/2022,111.0,222000000.0
19/5/2022,110.0,220000000.0
20/5/2022,109.0,218000000.0
23/5/2022,106.0,212000000.0
24/5/2022,115.0,230000000.0
25/5/2022,124.0,248000000.0
26/5/2022,104.0,208000000.0
27/5/2022,123.0,246000000.0
30/5/2022,114.0,228000000.0
31/5/2022,108.0,216000000.0
1/6/2022,107.0,214000000.0
2/6/2022,111.0,222000000.0
3/6/2022,102.0,204000000.0
6/6/2022,108.0,216000000.0
7/6/2022,108.0,216000000.0
8/6/2022,102.0,204000000.0
9/6/2022,100.0,200000000.0
10/6/2022,97.0,194000000.0
13/6/2022,94.0,188000000.0
14/6/2022,109.0,218000000.0
15/6/2022,123.0,246000000.0
16/6/2022,145.0,290000000.0
17/6/2022,142.0,284000000.0
20/6/2022,169.0,338000000.0
21/6/2022,167.0,334000000.0
22/6/2022,136.0,272000000.0
23/6/2022,136.0,272000000.0
24/6/2022,137.0,274000000.0
27/6/2022,127.0,254000000.0
28/6/2022,126.0,252000000.0
29/6/2022,133.0,266000000.0
30/6/2022,133.0,266000000.0
1/7/2022,133.0,266000000.0
4/7/2022,131.0,262000000.0
5/7/2022,122.0,244000000.0
6/7/2022,124.0,248000000.0
7/7/2022,122.0,244000000.0
8/7/2022,117.0,234000000.0
11/7/2022,114.0,228000000.0
12/7/2022,114.0,228000000.0
13/7/2022,125.0,250000000.0
14/7/2022,119.0,238000000.0
15/7/2022,120.0,240000000.0
18/7/2022,121.0,242000000.0
19/7/2022,121.0,242000000.0
20/7/2022,111.0,222000000.0
21/7/2022,95.0,190000000.0
22/7/2022,98.0,196000000.0
25/7/2022,102.0,204000000.0
26/7/2022,109.0,218000000.0
27/7/2022,110.0,220000000.0
28/7/2022,101.0,202000000.0
29/7/2022,110.0,220000000.0
1/8/2022,103.0,206000000.0
2/8/2022,97.0,194000000.0
3/8/2022,90.0,180000000.0
4/8/2022,95.0,190000000.0
5/8/2022,107.0,214000000.0
8/8/2022,105.0,210000000.0
9/8/2022,92.0,184000000.0
10/8/2022,102.0,204000000.0
11/8/2022,101.0,202000000.0
12/8/2022,102.0,204000000.0
15/8/2022,105.0,210000000.0
16/8/2022,96.0,192000000.0
17/8/2022,100.0,200000000.0
18/8/2022,102.0,204000000.0
19/8/2022,97.0,194000000.0
22/8/2022,86.0,172000000.0
23/8/2022,87.0,174000000.0
24/8/2022,90.0,180000000.0
25/8/2022,83.0,166000000.0
26/8/2022,99.0,198000000.0
29/8/2022,99.0,198000000.0
30/8/2022,99.0,198000000.0
31/8/2022,101.0,202000000.0
1/9/2022,92.0,184000000.0
2/9/2022,95.0,190000000.0
5/9/2022,106.0,212000000.0
6/9/2022,100.0,200000000.0
7/9/2022,100.0,200000000.0
8/9/2022,98.0,196000000.0
9/9/2022,105.0,210000000.0
12/9/2022,111.0,222000000.0
13/9/2022,108.0,216000000.0
14/9/2022,97.0,194000000.0
15/9/2022,109.0,218000000.0
16/9/2022,103.0,206000000.0
19/9/2022,102.0,204000000.0
20/9/2022,103.0,206000000.0
21/9/2022,105.0,210000000.0
22/9/2022,105.0,210000000.0
23/9/2022,112.0,224000000.0
26/9/2022,110.0,220000000.0
27/9/2022,135.0,270000000.0
28/9/2022,122.0,244000000.0
29/9/2022,133.0,266000000.0
30/9/2022,112.0,224000000.0
3/10/2022,117.0,234000000.0
4/10/2022,109.0,218000000.0
5/10/2022,111.0,222000000.0
6/10/2022,109.0,218000000.0
7/10/2022,109.0,218000000.0
10/10/2022,113.0,226000000.0
11/10/2022,112.0,224000000.0
12/10/2022,110.0,220000000.0
13/10/2022,115.0,230000000.0
14/10/2022,111.0,222000000.0
17/10/2022,113.0,226000000.0
18/10/2022,118.0,236000000.0
19/10/2022,120.0,240000000.0
20/10/2022,115.0,230000000.0
21/10/2022,120.0,240000000.0
24/10/2022,126.0,252000000.0
25/10/2022,142.0,284000000.0
26/10/2022,161.0,322000000.0
27/10/2022,151.0,302000000.0
28/10/2022,139.0,278000000.0
31/10/2022,130.0,260000000.0
1/11/2022,142.0,284000000.0
2/11/2022,161.0,322000000.0
3/11/2022,158.0,316000000.0
4/11/2022,158.0,316000000.0
7/11/2022,145.0,290000000.0
8/11/2022,137.0,274000000.0
9/11/2022,157.0,314000000.0
10/11/2022,123.0,246000000.0
11/11/2022,123.0,246000000.0
14/11/2022,122.0,244000000.0
15/11/2022,123.0,246000000.0
16/11/2022,114.0,228000000.0
17/11/2022,110.0,220000000.0
18/11/2022,115.0,230000000.0
21/11/2022,117.0,234000000.0
22/11/2022,110.0,220000000.0
23/11/2022,102.0,204000000.0
24/11/2022,102.0,204000000.0
25/11/2022,110.0,220000000.0
28/11/2022,96.0,192000000.0
29/11/2022,97.0,194000000.0
30/11/2022,111.0,222000000.0
1/12/2022,101.0,202000000.0
2/12/2022,100.0,200000000.0
5/12/2022,119.0,238000000.0
6/12/2022,121.0,242000000.0
7/12/2022,118.0,236000000.0
8/12/2022,107.0,214000000.0
9/12/2022,112.0,224000000.0
12/12/2022,113.0,226000000.0
13/12/2022,119.0,238000000.0
14/12/2022,123.0,246000000.0
15/12/2022,116.0,232000000.0
16/12/2022,108.0,216000000.0
19/12/2022,118.0,236000000.0
20/12/2022,128.0,256000000.0
21/12/2022,134.0,268000000.0
22/12/2022,127.0,254000000.0
23/12/2022,119.0,238000000.0
26/12/2022,118.0,236000000.0
27/12/2022,121.0,242000000.0
28/12/2022,124.0,248000000.0
29/12/2022,139.0,278000000.0
30/12/2022,137.0,274000000.0
2/1/2023,131.0,262000000.0
3/1/2023,133.0,266000000.0
4/1/2023,133.0,266000000.0
5/1/2023,138.0,276000000.0
6/1/2023,136.0,272000000.0
9/1/2023,160.0,320000000.0
10/1/2023,162.0,324000000.0
11/1/2023,161.0,322000000.0
12/1/2023,146.0,292000000.0
13/1/2023,151.0,302000000.0
16/1/2023,159.0,318000000.0
17/1/2023,152.0,304000000.0
18/1/2023,161.0,322000000.0
19/1/2023,143.0,286000000.0
20/1/2023,147.0,294000000.0
23/1/2023,131.0,262000000.0
24/1/2023,139.0,278000000.0
25/1/2023,137.0,274000000.0
26/1/2023,131.0,262000000.0
27/1/2023,128.0,256000000.0
30/1/2023,133.0,266000000.0
31/1/2023,136.0,272000000.0
1/2/2023,128.0,256000000.0
2/2/2023,123.0,246000000.0
3/2/2023,145.0,290000000.0
6/2/2023,153.0,306000000.0
7/2/2023,138.0,276000000.0
8/2/2023,131.0,262000000.0
9/2/2023,133.0,266000000.0
10/2/2023,130.0,260000000.0
13/2/2023,120.0,240000000.0
14/2/2023,130.0,260000000.0
15/2/2023,123.0,246000000.0
16/2/2023,112.0,224000000.0
17/2/2023,109.0,218000000.0
20/2/2023,115.0,230000000.0
21/2/2023,118.0,236000000.0
22/2/2023,114.0,228000000.0
23/2/2023,133.0,266000000.0
24/2/2023,138.0,276000000.0
27/2/2023,122.0,244000000.0
28/2/2023,134.0,268000000.0
1/3/2023,133.0,266000000.0
2/3/2023,137.0,274000000.0
3/3/2023,148.0,296000000.0
6/3/2023,134.0,268000000.0
7/3/2023,131.0,262000000.0
8/3/2023,143.0,286000000.0
9/3/2023,138.0,276000000.0
10/3/2023,134.0,268000000.0
13/3/2023,127.0,254000000.0
14/3/2023,124.0,248000000.0
15/3/2023,155.0,310000000.0
16/3/2023,147.0,294000000.0
17/3/2023,153.0,306000000.0
20/3/2023,138.0,276000000.0
21/3/2023,160.0,320000000.0
22/3/2023,160.0,320000000.0
23/3/2023,141.0,282000000.0
24/3/2023,153.0,306000000.0
27/3/2023,143.0,286000000.0
28/3/2023,143.0,286000000.0
29/3/2023,150.0,300000000.0
30/3/2023,139.0,278000000.0
31/3/2023,138.0,276000000.0
3/4/2023,134.0,268000000.0
4/4/2023,128.0,256000000.0
5/4/2023,130.0,260000000.0
6/4/2023,131.0,262000000.0
7/4/2023,117.0,234000000.0
10/4/2023,123.0,246000000.0
11/4/2023,131.0,262000000.0
12/4/2023,130.0,260000000.0
13/4/2023,131.0,262000000.0
14/4/2023,123.0,246000000.0
17/4/2023,119.0,238000000.0
18/4/2023,115.0,230000000.0
19/4/2023,116.0,232000000.0
20/4/2023,116.0,232000000.0
21/4/2023,118.0,236000000.0
24/4/2023,112.0,224000000.0
25/4/2023,112.0,224000000.0
26/4/2023,111.0,222000000.0
27/4/2023,108.0,216000000.0
28/4/2023,113.0,226000000.0
1/5/2023,114.0,228000000.0
2/5/2023,118.0,236000000.0
3/5/2023,125.0,250000000.0
4/5/2023,126.0,252000000.0
5/5/2023,125.0,250000000.0
8/5/2023,125.0,250000000.0
9/5/2023,126.0,252000000.0
10/5/2023,121.0,242000000.0
11/5/2023,119.0,238000000.0
12/5/2023,114.0,228000000.0
15/5/2023,121.0,242000000.0
16/5/2023,111.0,222000000.0
17/5/2023,95.0,190000000.0
18/5/2023,102.0,204000000.0
19/5/2023,101.0,202000000.0
22/5/2023,111.0,222000000.0
23/5/2023,118.0,236000000.0
24/5/2023,112.0,224000000.0
25/5/2023,127.0,254000000.0
26/5/2023,127.0,254000000.0
29/5/2023,128.0,256000000.0
30/5/2023,130.0,260000000.0
31/5/2023,132.0,264000000.0
1/6/2023,139.0,278000000.0
2/6/2023,135.0,270000000.0
5/6/2023,140.0,280000000.0
6/6/2023,142.0,284000000.0
7/6/2023,136.0,272000000.0
8/6/2023,140.0,280000000.0
9/6/2023,132.0,264000000.0
12/6/2023,135.0,270000000.0
13/6/2023,126.0,252000000.0
14/6/2023,125.0,250000000.0
15/6/2023,134.0,268000000.0
16/6/2023,122.0,244000000.0
19/6/2023,115.0,230000000.0
20/6/2023,127.0,254000000.0
21/6/2023,130.0,260000000.0
22/6/2023,118.0,236000000.0
23/6/2023,115.0,230000000.0
26/6/2023,121.0,242000000.0
27/6/2023,123.0,246000000.0
28/6/2023,128.0,256000000.0
29/6/2023,113.0,226000000.0
30/6/2023,134.0,268000000.0
3/7/2023,132.0,264000000.0
4/7/2023,121.0,242000000.0
5/7/2023,118.0,236000000.0
6/7/2023,127.0,254000000.0
7/7/2023,121.0,242000000.0
10/7/2023,130.0,260000000.0
11/7/2023,131.0,262000000.0
12/7/2023,122.0,244000000.0
13/7/2023,131.0,262000000.0
14/7/2023,123.0,246000000.0
17/7/2023,134.0,268000000.0
18/7/2023,133.0,266000000.0
19/7/2023,143.0,286000000.0
20/7/2023,139.0,278000000.0
21/7/2023,139.0,278000000.0
24/7/2023,129.0,258000000.0
25/7/2023,134.0,268000000.0
26/7/2023,123.0,246000000.0
27/7/2023,132.0,264000000.0
28/7/2023,123.0,246000000.0
31/7/2023,134.0,268000000.0
1/8/2023,132.0,264000000.0
2/8/2023,140.0,280000000.0
3/8/2023,130.0,260000000.0
4/8/2023,139.0,278000000.0
7/8/2023,135.0,270000000.0
8/8/2023,137.0,274000000.0
9/8/2023,143.0,286000000.0
10/8/2023,135.0,270000000.0
11/8/2023,140.0,280000000.0
14/8/2023,141.0,282000000.0
15/8/2023,137.0,274000000.0
16/8/2023,139.0,278000000.0
17/8/2023,133.0,266000000.0
18/8/2023,130.0,260000000.0
21/8/2023,132.0,264000000.0
22/8/2023,137.0,274000000.0
23/8/2023,137.0,274000000.0
24/8/2023,145.0,290000000.0
25/8/2023,146.0,292000000.0
28/8/2023,152.0,304000000.0
29/8/2023,141.0,282000000.0
30/8/2023,144.0,288000000.0
31/8/2023,137.0,274000000.0
1/9/2023,146.0,292000000.0
4/9/2023,143.0,286000000.0
5/9/2023,133.0,266000000.0
6/9/2023,130.0,260000000.0
7/9/2023,129.0,258000000.0
8/9/2023,127.0,254000000.0
11/9/2023,141.0,282000000.0
12/9/2023,141.0,282000000.0
13/9/2023,136.0,272000000.0
14/9/2023,131.0,262000000.0
15/9/2023,127.0,254000000.0
18/9/2023,122.0,244000000.0
19/9/2023,121.0,242000000.0
20/9/2023,133.0,266000000.0
21/9/2023,138.0,276000000.0
22/9/2023,142.0,284000000.0
25/9/2023,138.0,276000000.0
26/9/2023,155.0,310000000.0
27/9/2023,144.0,288000000.0
28/9/2023,158.0,316000000.0
29/9/2023,151.0,302000000.0
2/10/2023,150.0,300000000.0
3/10/2023,164.0,328000000.0
4/10/2023,145.0,290000000.0
5/10/2023,127.0,254000000.0
6/10/2023,138.0,276000000.0
9/10/2023,143.0,286000000.0
10/10/2023,147.0,294000000.0
11/10/2023,151.0,302000000.0
12/10/2023,150.0,300000000.0
13/10/2023,154.0,308000000.0
16/10/2023,148.0,296000000.0
17/10/2023,153.0,306000000.0
18/10/2023,154.0,308000000.0
19/10/2023,155.0,310000000.0
20/10/2023,141.0,282000000.0
23/10/2023,137.0,274000000.0
24/10/2023,135.0,270000000.0
25/10/2023,165.0,330000000.0
26/10/2023,169.0,338000000.0
27/10/2023,159.0,318000000.0
30/10/2023,165.0,330000000.0
31/10/2023,149.0,298000000.0
1/11/2023,147.0,294000000.0
2/11/2023,147.0,294000000.0
3/11/2023,140.0,280000000.0
6/11/2023,139.0,278000000.0
7/11/2023,143.0,286000000.0
8/11/2023,147.0,294000000.0
9/11/2023,147.0,294000000.0
10/11/2023,144.0,288000000.0
13/11/2023,146.0,292000000.0
14/11/2023,152.0,304000000.0
15/11/2023,154.0,308000000.0
16/11/2023,122.0,244000000.0
17/11/2023,128.0,256000000.0
20/11/2023,128.0,256000000.0
21/11/2023,141.0,282000000.0
22/11/2023,140.0,280000000.0
23/11/2023,140.0,280000000.0
24/11/2023,142.0,284000000.0
27/11/2023,139.0,278000000.0
28/11/2023,152.0,304000000.0
29/11/2023,126.0,252000000.0
30/11/2023,119.0,238000000.0
1/12/2023,128.0,256000000.0
4/12/2023,137.0,274000000.0
5/12/2023,135.0,270000000.0
6/12/2023,118.0,236000000.0
7/12/2023,122.0,244000000.0
8/12/2023,126.0,252000000.0
11/12/2023,132.0,264000000.0
12/12/2023,139.0,278000000.0
13/12/2023,143.0,286000000.0
14/12/2023,137.0,274000000.0
15/12/2023,123.0,246000000.0
18/12/2023,102.0,204000000.0
19/12/2023,112.0,224000000.0
20/12/2023,123.0,246000000.0
21/12/2023,119.0,238000000.0
22/12/2023,111.0,222000000.0
25/12/2023,107.0,214000000.0
26/12/2023,108.0,216000000.0
27/12/2023,109.0,218000000.0
28/12/2023,118.0,236000000.0
29/12/2023,120.0,240000000.0
1/1/2024,128.0,256000000.0
2/1/2024,128.0,256000000.0
3/1/2024,129.0,258000000.0
4/1/2024,134.0,268000000.0
5/1/2024,128.0,256000000.0
8/1/2024,127.0,254000000.0
9/1/2024,128.0,256000000.0
10/1/2024,86.0,172000000.0
11/1/2024,89.0,178000000.0
12/1/2024,86.0,172000000.0
15/1/2024,92.0,184000000.0
16/1/2024,96.0,192000000.0
17/1/2024,86.0,172000000.0
18/1/2024,96.0,192000000.0
19/1/2024,97.0,194000000.0
22/1/2024,104.0,208000000.0
23/1/2024,95.0,190000000.0
24/1/2024,100.0,200000000.0
25/1/2024,104.0,208000000.0
26/1/2024,102.0,204000000.0
29/1/2024,106.0,212000000.0
30/1/2024,104.0,208000000.0
31/1/2024,115.0,230000000.0
1/2/2024,99.0,198000000.0
2/2/2024,106.0,212000000.0
5/2/2024,98.0,196000000.0
6/2/2024,96.0,192000000.0
7/2/2024,98.0,196000000.0
8/2/2024,97.0,194000000.0
9/2/2024,128.0,256000000.0
12/2/2024,122.0,244000000.0
13/2/2024,121.0,242000000.0
14/2/2024,133.0,266000000.0
15/2/2024,127.0,254000000.0
16/2/2024,112.0,224000000.0
19/2/2024,124.0,248000000.0
20/2/2024,131.0,262000000.0
21/2/2024,130.0,260000000.0
22/2/2024,129.0,258000000.0
23/2/2024,132.0,264000000.0
26/2/2024,137.0,274000000.0
27/2/2024,132.0,264000000.0
28/2/2024,98.0,196000000.0
29/2/2024,90.0,180000000.0
1/3/2024,94.0,188000000.0
4/3/2024,101.0,202000000.0
5/3/2024,105.0,210000000.0
6/3/2024,111.0,222000000.0
7/3/2024,119.0,238000000.0
8/3/2024,104.0,208000000.0
11/3/2024,107.0,214000000.0
12/3/2024,101.0,202000000.0
13/3/2024,104.0,208000000.0
14/3/2024,123.0,246000000.0
15/3/2024,130.0,260000000.0
18/3/2024,114.0,228000000.0
19/3/2024,122.0,244000000.0
20/3/2024,127.0,254000000.0
21/3/2024,128.0,256000000.0
22/3/2024,133.0,266000000.0
25/3/2024,129.0,258000000.0
26/3/2024,128.0,256000000.0
27/3/2024,129.0,258000000.0
28/3/2024,139.0,278000000.0
29/3/2024,135.0,270000000.0
1/4/2024,129.0,258000000.0
2/4/2024,125.0,250000000.0
3/4/2024,112.0,224000000.0
4/4/2024,97.0,194000000.0
5/4/2024,103.0,206000000.0
8/4/2024,111.0,222000000.0
9/4/2024,106.0,212000000.0
10/4/2024,107.0,214000000.0
11/4/2024,122.0,244000000.0
12/4/2024,116.0,232000000.0
15/4/2024,126.0,252000000.0
16/4/2024,117.0,234000000.0
17/4/2024,126.0,252000000.0
18/4/2024,129.0,258000000.0
19/4/2024,133.0,266000000.0
22/4/2024,137.0,274000000.0
23/4/2024,124.0,248000000.0
24/4/2024,117.0,234000000.0
25/4/2024,127.0,254000000.0
26/4/2024,128.0,256000000.0
29/4/2024,133.0,266000000.0
30/4/2024,133.0,266000000.0
1/5/2024,126.0,252000000.0
2/5/2024,137.0,274000000.0
3/5/2024,128.0,256000000.0
6/5/2024,131.0,262000000.0
7/5/2024,131.0,262000000.0
8/5/2024,148.0,296000000.0
9/5/2024,145.0,290000000.0
10/5/2024,131.0,262000000.0
13/5/2024,129.0,258000000.0
14/5/2024,125.0,250000000.0
15/5/2024,126.0,252000000.0
16/5/2024,107.0,214000000.0
17/5/2024,110.0,220000000.0
20/5/2024,126.0,252000000.0
21/5/2024,133.0,266000000.0
22/5/2024,124.0,248000000.0
23/5/2024,103.0,206000000.0
24/5/2024,99.0,198000000.0
27/5/2024,97.0,194000000.0
28/5/2024,100.0,200000000.0
29/5/2024,98.0,196000000.0
30/5/2024,103.0,206000000.0
